program_id,program_name,study_id,study_name,assay_code,assay_value,sample_id,ageAtSacrifice,barcode,batch,bid,manifestID,pid,vialLabel,weight,ageGroup_code,ageGroup_value,intervention_code,intervention_value,Protocol_code,Protocol_value,sacrificeTime_code,sacrificeTime_value,sampleTypeCode_code,sampleTypeCode_value,sex_code,sex_value,siteName_code,siteName_value,species_code,species_value
1,MoTrPAC,1,Phase 1A,1,RNAseq,90001013001,6.0,8019480124,1,90001,ANI850-10008,10029028,90001013001,356.0,1,6 months,3,Control,1,Phase 1A,1,Immediate Post Exercise (Phase 1a),30,Rat PaxGene RNA,2,Male,910,Joslin,1,Fischer 344
1,MoTrPAC,1,Phase 1A,1,RNAseq,90001015502,6.0,8019467718,1,90001,ANI850-10008,10029028,90001015502,356.0,1,6 months,3,Control,1,Phase 1A,1,Immediate Post Exercise (Phase 1a),55,Rat Gastrocnemius Powder,2,Male,910,Joslin,1,Fischer 344
1,MoTrPAC,1,Phase 1A,1,RNAseq,90001015503,6.0,8019467331,1,90001,ANI850-10008,10029028,90001015503,356.0,1,6 months,3,Control,1,Phase 1A,1,Immediate Post Exercise (Phase 1a),55,Rat Gastrocnemius Powder,2,Male,910,Joslin,1,Fischer 344
1,MoTrPAC,1,Phase 1A,2,RRBS,90001016802,6.0,8019468106,1,90001,ANI850-10008,10029028,90001016802,356.0,1,6 months,3,Control,1,Phase 1A,1,Immediate Post Exercise (Phase 1a),68,Rat Liver Powder,2,Male,910,Joslin,1,Fischer 344
1,MoTrPAC,1,Phase 1A,2,RRBS,90001017002,6.0,8019467572,1,90001,ANI850-10008,10029028,90001017002,356.0,1,6 months,3,Control,1,Phase 1A,1,Immediate Post Exercise (Phase 1a),70,Rat White Adipose Powder,2,Male,910,Joslin,1,Fischer 344
1,MoTrPAC,1,Phase 1A,1,RNAseq,90005013001,6.0,8019480266,1,90005,ANI850-10008,10032673,90005013001,358.0,1,6 months,1,Exercise (Phase 1a),1,Phase 1A,7,48 hour (Phase 1a),30,Rat PaxGene RNA,2,Male,910,Joslin,1,Fischer 344
1,MoTrPAC,1,Phase 1A,1,RNAseq,90005015502,6.0,8019467752,1,90005,ANI850-10008,10032673,90005015502,358.0,1,6 months,1,Exercise (Phase 1a),1,Phase 1A,7,48 hour (Phase 1a),55,Rat Gastrocnemius Powder,2,Male,910,Joslin,1,Fischer 344
1,MoTrPAC,1,Phase 1A,1,RNAseq,90005015503,6.0,8019467754,1,90005,ANI850-10008,10032673,90005015503,358.0,1,6 months,1,Exercise (Phase 1a),1,Phase 1A,7,48 hour (Phase 1a),55,Rat Gastrocnemius Powder,2,Male,910,Joslin,1,Fischer 344
1,MoTrPAC,1,Phase 1A,2,RRBS,90005016802,6.0,8019467899,1,90005,ANI850-10008,10032673,90005016802,358.0,1,6 months,1,Exercise (Phase 1a),1,Phase 1A,7,48 hour (Phase 1a),68,Rat Liver Powder,2,Male,910,Joslin,1,Fischer 344
1,MoTrPAC,1,Phase 1A,2,RRBS,90005017002,6.0,8019467807,1,90005,ANI850-10008,10032673,90005017002,358.0,1,6 months,1,Exercise (Phase 1a),1,Phase 1A,7,48 hour (Phase 1a),70,Rat White Adipose Powder,2,Male,910,Joslin,1,Fischer 344
1,MoTrPAC,1,Phase 1A,1,RNAseq,90007013001,6.0,8019480360,1,90007,ANI850-10008,10029885,90007013001,355.0,1,6 months,1,Exercise (Phase 1a),1,Phase 1A,2,0.5 hour (Phase 1a),30,Rat PaxGene RNA,2,Male,910,Joslin,1,Fischer 344
1,MoTrPAC,1,Phase 1A,1,RNAseq,90007015502,6.0,8019467813,1,90007,ANI850-10008,10029885,90007015502,355.0,1,6 months,1,Exercise (Phase 1a),1,Phase 1A,2,0.5 hour (Phase 1a),55,Rat Gastrocnemius Powder,2,Male,910,Joslin,1,Fischer 344
1,MoTrPAC,1,Phase 1A,1,RNAseq,90007015503,6.0,8019467826,1,90007,ANI850-10008,10029885,90007015503,355.0,1,6 months,1,Exercise (Phase 1a),1,Phase 1A,2,0.5 hour (Phase 1a),55,Rat Gastrocnemius Powder,2,Male,910,Joslin,1,Fischer 344
1,MoTrPAC,1,Phase 1A,2,RRBS,90007016802,6.0,8019467333,1,90007,ANI850-10008,10029885,90007016802,355.0,1,6 months,1,Exercise (Phase 1a),1,Phase 1A,2,0.5 hour (Phase 1a),68,Rat Liver Powder,2,Male,910,Joslin,1,Fischer 344
1,MoTrPAC,1,Phase 1A,2,RRBS,90007017002,6.0,8019468181,1,90007,ANI850-10008,10029885,90007017002,355.0,1,6 months,1,Exercise (Phase 1a),1,Phase 1A,2,0.5 hour (Phase 1a),70,Rat White Adipose Powder,2,Male,910,Joslin,1,Fischer 344
1,MoTrPAC,1,Phase 1A,1,RNAseq,90008013001,6.0,8019480262,1,90008,ANI850-10008,10029966,90008013001,197.0,1,6 months,1,Exercise (Phase 1a),1,Phase 1A,2,0.5 hour (Phase 1a),30,Rat PaxGene RNA,1,Female,910,Joslin,1,Fischer 344
1,MoTrPAC,1,Phase 1A,1,RNAseq,90008015502,6.0,8019467773,1,90008,ANI850-10008,10029966,90008015502,197.0,1,6 months,1,Exercise (Phase 1a),1,Phase 1A,2,0.5 hour (Phase 1a),55,Rat Gastrocnemius Powder,1,Female,910,Joslin,1,Fischer 344
1,MoTrPAC,1,Phase 1A,1,RNAseq,90008015503,6.0,8019468210,1,90008,ANI850-10008,10029966,90008015503,197.0,1,6 months,1,Exercise (Phase 1a),1,Phase 1A,2,0.5 hour (Phase 1a),55,Rat Gastrocnemius Powder,1,Female,910,Joslin,1,Fischer 344
1,MoTrPAC,1,Phase 1A,2,RRBS,90008016802,6.0,8019468019,1,90008,ANI850-10008,10029966,90008016802,197.0,1,6 months,1,Exercise (Phase 1a),1,Phase 1A,2,0.5 hour (Phase 1a),68,Rat Liver Powder,1,Female,910,Joslin,1,Fischer 344
1,MoTrPAC,1,Phase 1A,2,RRBS,90008017002,6.0,8019467387,1,90008,ANI850-10008,10029966,90008017002,197.0,1,6 months,1,Exercise (Phase 1a),1,Phase 1A,2,0.5 hour (Phase 1a),70,Rat White Adipose Powder,1,Female,910,Joslin,1,Fischer 344
1,MoTrPAC,1,Phase 1A,1,RNAseq,90009013001,6.0,8019480544,1,90009,ANI850-10008,10028722,90009013001,340.0,1,6 months,1,Exercise (Phase 1a),1,Phase 1A,1,Immediate Post Exercise (Phase 1a),30,Rat PaxGene RNA,2,Male,910,Joslin,1,Fischer 344
1,MoTrPAC,1,Phase 1A,1,RNAseq,90009015502,6.0,8019467450,1,90009,ANI850-10008,10028722,90009015502,340.0,1,6 months,1,Exercise (Phase 1a),1,Phase 1A,1,Immediate Post Exercise (Phase 1a),55,Rat Gastrocnemius Powder,2,Male,910,Joslin,1,Fischer 344
1,MoTrPAC,1,Phase 1A,1,RNAseq,90009015503,6.0,8019467870,1,90009,ANI850-10008,10028722,90009015503,340.0,1,6 months,1,Exercise (Phase 1a),1,Phase 1A,1,Immediate Post Exercise (Phase 1a),55,Rat Gastrocnemius Powder,2,Male,910,Joslin,1,Fischer 344
1,MoTrPAC,1,Phase 1A,2,RRBS,90009016802,6.0,8019467464,1,90009,ANI850-10008,10028722,90009016802,340.0,1,6 months,1,Exercise (Phase 1a),1,Phase 1A,1,Immediate Post Exercise (Phase 1a),68,Rat Liver Powder,2,Male,910,Joslin,1,Fischer 344
1,MoTrPAC,1,Phase 1A,2,RRBS,90009017002,6.0,8019467917,1,90009,ANI850-10008,10028722,90009017002,340.0,1,6 months,1,Exercise (Phase 1a),1,Phase 1A,1,Immediate Post Exercise (Phase 1a),70,Rat White Adipose Powder,2,Male,910,Joslin,1,Fischer 344
1,MoTrPAC,1,Phase 1A,1,RNAseq,90010013001,6.0,8019480479,1,90010,ANI850-10008,10034536,90010013001,170.0,1,6 months,1,Exercise (Phase 1a),1,Phase 1A,1,Immediate Post Exercise (Phase 1a),30,Rat PaxGene RNA,1,Female,910,Joslin,1,Fischer 344
1,MoTrPAC,1,Phase 1A,1,RNAseq,90010015502,6.0,8019467576,1,90010,ANI850-10008,10034536,90010015502,170.0,1,6 months,1,Exercise (Phase 1a),1,Phase 1A,1,Immediate Post Exercise (Phase 1a),55,Rat Gastrocnemius Powder,1,Female,910,Joslin,1,Fischer 344
1,MoTrPAC,1,Phase 1A,1,RNAseq,90010015503,6.0,8019467496,1,90010,ANI850-10008,10034536,90010015503,170.0,1,6 months,1,Exercise (Phase 1a),1,Phase 1A,1,Immediate Post Exercise (Phase 1a),55,Rat Gastrocnemius Powder,1,Female,910,Joslin,1,Fischer 344
1,MoTrPAC,1,Phase 1A,2,RRBS,90010016802,6.0,8019467410,1,90010,ANI850-10008,10034536,90010016802,170.0,1,6 months,1,Exercise (Phase 1a),1,Phase 1A,1,Immediate Post Exercise (Phase 1a),68,Rat Liver Powder,1,Female,910,Joslin,1,Fischer 344
1,MoTrPAC,1,Phase 1A,2,RRBS,90010017002,6.0,8019467354,1,90010,ANI850-10008,10034536,90010017002,170.0,1,6 months,1,Exercise (Phase 1a),1,Phase 1A,1,Immediate Post Exercise (Phase 1a),70,Rat White Adipose Powder,1,Female,910,Joslin,1,Fischer 344
1,MoTrPAC,1,Phase 1A,1,RNAseq,90011013001,6.0,8019480632,1,90011,ANI850-10008,10029613,90011013001,325.0,1,6 months,1,Exercise (Phase 1a),1,Phase 1A,3,1 hour (Phase 1a),30,Rat PaxGene RNA,2,Male,910,Joslin,1,Fischer 344
1,MoTrPAC,1,Phase 1A,1,RNAseq,90011015502,6.0,8019467762,1,90011,ANI850-10008,10029613,90011015502,325.0,1,6 months,1,Exercise (Phase 1a),1,Phase 1A,3,1 hour (Phase 1a),55,Rat Gastrocnemius Powder,2,Male,910,Joslin,1,Fischer 344
1,MoTrPAC,1,Phase 1A,1,RNAseq,90011015503,6.0,8019467648,1,90011,ANI850-10008,10029613,90011015503,325.0,1,6 months,1,Exercise (Phase 1a),1,Phase 1A,3,1 hour (Phase 1a),55,Rat Gastrocnemius Powder,2,Male,910,Joslin,1,Fischer 344
1,MoTrPAC,1,Phase 1A,2,RRBS,90011016802,6.0,8019467959,1,90011,ANI850-10008,10029613,90011016802,325.0,1,6 months,1,Exercise (Phase 1a),1,Phase 1A,3,1 hour (Phase 1a),68,Rat Liver Powder,2,Male,910,Joslin,1,Fischer 344
1,MoTrPAC,1,Phase 1A,2,RRBS,90011017002,6.0,8019467326,1,90011,ANI850-10008,10029613,90011017002,325.0,1,6 months,1,Exercise (Phase 1a),1,Phase 1A,3,1 hour (Phase 1a),70,Rat White Adipose Powder,2,Male,910,Joslin,1,Fischer 344
1,MoTrPAC,1,Phase 1A,1,RNAseq,90012013001,6.0,8019480377,1,90012,ANI850-10008,10033726,90012013001,196.0,1,6 months,1,Exercise (Phase 1a),1,Phase 1A,3,1 hour (Phase 1a),30,Rat PaxGene RNA,1,Female,910,Joslin,1,Fischer 344
1,MoTrPAC,1,Phase 1A,1,RNAseq,90012015502,6.0,8019467788,1,90012,ANI850-10008,10033726,90012015502,196.0,1,6 months,1,Exercise (Phase 1a),1,Phase 1A,3,1 hour (Phase 1a),55,Rat Gastrocnemius Powder,1,Female,910,Joslin,1,Fischer 344
1,MoTrPAC,1,Phase 1A,1,RNAseq,90012015503,6.0,8019467389,1,90012,ANI850-10008,10033726,90012015503,196.0,1,6 months,1,Exercise (Phase 1a),1,Phase 1A,3,1 hour (Phase 1a),55,Rat Gastrocnemius Powder,1,Female,910,Joslin,1,Fischer 344
1,MoTrPAC,1,Phase 1A,2,RRBS,90012016802,6.0,8019467480,1,90012,ANI850-10008,10033726,90012016802,196.0,1,6 months,1,Exercise (Phase 1a),1,Phase 1A,3,1 hour (Phase 1a),68,Rat Liver Powder,1,Female,910,Joslin,1,Fischer 344
1,MoTrPAC,1,Phase 1A,2,RRBS,90012017002,6.0,8019467555,1,90012,ANI850-10008,10033726,90012017002,196.0,1,6 months,1,Exercise (Phase 1a),1,Phase 1A,3,1 hour (Phase 1a),70,Rat White Adipose Powder,1,Female,910,Joslin,1,Fischer 344
1,MoTrPAC,1,Phase 1A,1,RNAseq,90013013001,6.0,8019480532,1,90013,ANI850-10008,10032592,90013013001,366.0,1,6 months,1,Exercise (Phase 1a),1,Phase 1A,4,4 hour (Phase 1a),30,Rat PaxGene RNA,2,Male,910,Joslin,1,Fischer 344
1,MoTrPAC,1,Phase 1A,1,RNAseq,90013015502,6.0,8019467497,1,90013,ANI850-10008,10032592,90013015502,366.0,1,6 months,1,Exercise (Phase 1a),1,Phase 1A,4,4 hour (Phase 1a),55,Rat Gastrocnemius Powder,2,Male,910,Joslin,1,Fischer 344
1,MoTrPAC,1,Phase 1A,1,RNAseq,90013015503,6.0,8019467569,1,90013,ANI850-10008,10032592,90013015503,366.0,1,6 months,1,Exercise (Phase 1a),1,Phase 1A,4,4 hour (Phase 1a),55,Rat Gastrocnemius Powder,2,Male,910,Joslin,1,Fischer 344
1,MoTrPAC,1,Phase 1A,2,RRBS,90013016802,6.0,8019467519,1,90013,ANI850-10008,10032592,90013016802,366.0,1,6 months,1,Exercise (Phase 1a),1,Phase 1A,4,4 hour (Phase 1a),68,Rat Liver Powder,2,Male,910,Joslin,1,Fischer 344
1,MoTrPAC,1,Phase 1A,2,RRBS,90013017002,6.0,8019467982,1,90013,ANI850-10008,10032592,90013017002,366.0,1,6 months,1,Exercise (Phase 1a),1,Phase 1A,4,4 hour (Phase 1a),70,Rat White Adipose Powder,2,Male,910,Joslin,1,Fischer 344
1,MoTrPAC,1,Phase 1A,1,RNAseq,90014013001,6.0,8019480564,1,90014,ANI850-10008,10030972,90014013001,181.0,1,6 months,1,Exercise (Phase 1a),1,Phase 1A,4,4 hour (Phase 1a),30,Rat PaxGene RNA,1,Female,910,Joslin,1,Fischer 344
1,MoTrPAC,1,Phase 1A,1,RNAseq,90014015502,6.0,8019467728,1,90014,ANI850-10008,10030972,90014015502,181.0,1,6 months,1,Exercise (Phase 1a),1,Phase 1A,4,4 hour (Phase 1a),55,Rat Gastrocnemius Powder,1,Female,910,Joslin,1,Fischer 344
1,MoTrPAC,1,Phase 1A,1,RNAseq,90014015503,6.0,8019467859,1,90014,ANI850-10008,10030972,90014015503,181.0,1,6 months,1,Exercise (Phase 1a),1,Phase 1A,4,4 hour (Phase 1a),55,Rat Gastrocnemius Powder,1,Female,910,Joslin,1,Fischer 344
1,MoTrPAC,1,Phase 1A,2,RRBS,90014016802,6.0,8019467726,1,90014,ANI850-10008,10030972,90014016802,181.0,1,6 months,1,Exercise (Phase 1a),1,Phase 1A,4,4 hour (Phase 1a),68,Rat Liver Powder,1,Female,910,Joslin,1,Fischer 344
1,MoTrPAC,1,Phase 1A,2,RRBS,90014017002,6.0,8019467495,1,90014,ANI850-10008,10030972,90014017002,181.0,1,6 months,1,Exercise (Phase 1a),1,Phase 1A,4,4 hour (Phase 1a),70,Rat White Adipose Powder,1,Female,910,Joslin,1,Fischer 344
1,MoTrPAC,1,Phase 1A,1,RNAseq,90015013001,6.0,8019480452,1,90015,ANI850-10008,10033564,90015013001,375.0,1,6 months,3,Control,1,Phase 1A,5,7 hour (Phase 1a),30,Rat PaxGene RNA,2,Male,910,Joslin,1,Fischer 344
1,MoTrPAC,1,Phase 1A,1,RNAseq,90015015502,6.0,8019467979,1,90015,ANI850-10008,10033564,90015015502,375.0,1,6 months,3,Control,1,Phase 1A,5,7 hour (Phase 1a),55,Rat Gastrocnemius Powder,2,Male,910,Joslin,1,Fischer 344
1,MoTrPAC,1,Phase 1A,1,RNAseq,90015015503,6.0,8019467544,1,90015,ANI850-10008,10033564,90015015503,375.0,1,6 months,3,Control,1,Phase 1A,5,7 hour (Phase 1a),55,Rat Gastrocnemius Powder,2,Male,910,Joslin,1,Fischer 344
1,MoTrPAC,1,Phase 1A,2,RRBS,90015016802,6.0,8019467766,1,90015,ANI850-10008,10033564,90015016802,375.0,1,6 months,3,Control,1,Phase 1A,5,7 hour (Phase 1a),68,Rat Liver Powder,2,Male,910,Joslin,1,Fischer 344
1,MoTrPAC,1,Phase 1A,2,RRBS,90015017002,6.0,8019467557,1,90015,ANI850-10008,10033564,90015017002,375.0,1,6 months,3,Control,1,Phase 1A,5,7 hour (Phase 1a),70,Rat White Adipose Powder,2,Male,910,Joslin,1,Fischer 344
1,MoTrPAC,1,Phase 1A,1,RNAseq,90017013001,6.0,8019480138,1,90017,ANI850-10008,10032835,90017013001,343.0,1,6 months,1,Exercise (Phase 1a),1,Phase 1A,5,7 hour (Phase 1a),30,Rat PaxGene RNA,2,Male,910,Joslin,1,Fischer 344
1,MoTrPAC,1,Phase 1A,1,RNAseq,90017015502,6.0,8019467774,1,90017,ANI850-10008,10032835,90017015502,343.0,1,6 months,1,Exercise (Phase 1a),1,Phase 1A,5,7 hour (Phase 1a),55,Rat Gastrocnemius Powder,2,Male,910,Joslin,1,Fischer 344
1,MoTrPAC,1,Phase 1A,1,RNAseq,90017015503,6.0,8019467793,1,90017,ANI850-10008,10032835,90017015503,343.0,1,6 months,1,Exercise (Phase 1a),1,Phase 1A,5,7 hour (Phase 1a),55,Rat Gastrocnemius Powder,2,Male,910,Joslin,1,Fischer 344
1,MoTrPAC,1,Phase 1A,2,RRBS,90017016802,6.0,8019467344,1,90017,ANI850-10008,10032835,90017016802,343.0,1,6 months,1,Exercise (Phase 1a),1,Phase 1A,5,7 hour (Phase 1a),68,Rat Liver Powder,2,Male,910,Joslin,1,Fischer 344
1,MoTrPAC,1,Phase 1A,2,RRBS,90017017002,6.0,8019467643,1,90017,ANI850-10008,10032835,90017017002,343.0,1,6 months,1,Exercise (Phase 1a),1,Phase 1A,5,7 hour (Phase 1a),70,Rat White Adipose Powder,2,Male,910,Joslin,1,Fischer 344
1,MoTrPAC,1,Phase 1A,1,RNAseq,90018013001,6.0,8019480118,1,90018,ANI850-10008,10034455,90018013001,167.0,1,6 months,1,Exercise (Phase 1a),1,Phase 1A,5,7 hour (Phase 1a),30,Rat PaxGene RNA,1,Female,910,Joslin,1,Fischer 344
1,MoTrPAC,1,Phase 1A,1,RNAseq,90018015502,6.0,8019468013,1,90018,ANI850-10008,10034455,90018015502,167.0,1,6 months,1,Exercise (Phase 1a),1,Phase 1A,5,7 hour (Phase 1a),55,Rat Gastrocnemius Powder,1,Female,910,Joslin,1,Fischer 344
1,MoTrPAC,1,Phase 1A,1,RNAseq,90018015503,6.0,8019467329,1,90018,ANI850-10008,10034455,90018015503,167.0,1,6 months,1,Exercise (Phase 1a),1,Phase 1A,5,7 hour (Phase 1a),55,Rat Gastrocnemius Powder,1,Female,910,Joslin,1,Fischer 344
1,MoTrPAC,1,Phase 1A,2,RRBS,90018016802,6.0,8019467571,1,90018,ANI850-10008,10034455,90018016802,167.0,1,6 months,1,Exercise (Phase 1a),1,Phase 1A,5,7 hour (Phase 1a),68,Rat Liver Powder,1,Female,910,Joslin,1,Fischer 344
1,MoTrPAC,1,Phase 1A,2,RRBS,90018017002,6.0,8019467681,1,90018,ANI850-10008,10034455,90018017002,167.0,1,6 months,1,Exercise (Phase 1a),1,Phase 1A,5,7 hour (Phase 1a),70,Rat White Adipose Powder,1,Female,910,Joslin,1,Fischer 344
1,MoTrPAC,1,Phase 1A,1,RNAseq,90020013001,6.0,8019480402,2,90020,ANI850-10008,10034374,90020013001,190.0,1,6 months,3,Control,1,Phase 1A,1,Immediate Post Exercise (Phase 1a),30,Rat PaxGene RNA,1,Female,910,Joslin,1,Fischer 344
1,MoTrPAC,1,Phase 1A,1,RNAseq,90020015502,6.0,8019468144,2,90020,ANI850-10008,10034374,90020015502,190.0,1,6 months,3,Control,1,Phase 1A,1,Immediate Post Exercise (Phase 1a),55,Rat Gastrocnemius Powder,1,Female,910,Joslin,1,Fischer 344
1,MoTrPAC,1,Phase 1A,1,RNAseq,90020015503,6.0,8019467841,2,90020,ANI850-10008,10034374,90020015503,190.0,1,6 months,3,Control,1,Phase 1A,1,Immediate Post Exercise (Phase 1a),55,Rat Gastrocnemius Powder,1,Female,910,Joslin,1,Fischer 344
1,MoTrPAC,1,Phase 1A,2,RRBS,90020016802,6.0,8019467358,2,90020,ANI850-10008,10034374,90020016802,190.0,1,6 months,3,Control,1,Phase 1A,1,Immediate Post Exercise (Phase 1a),68,Rat Liver Powder,1,Female,910,Joslin,1,Fischer 344
1,MoTrPAC,1,Phase 1A,2,RRBS,90020017002,6.0,8019467537,2,90020,ANI850-10008,10034374,90020017002,190.0,1,6 months,3,Control,1,Phase 1A,1,Immediate Post Exercise (Phase 1a),70,Rat White Adipose Powder,1,Female,910,Joslin,1,Fischer 344
1,MoTrPAC,1,Phase 1A,1,RNAseq,90023013001,6.0,8019480435,2,90023,ANI850-10008,10029370,90023013001,337.0,1,6 months,1,Exercise (Phase 1a),1,Phase 1A,7,48 hour (Phase 1a),30,Rat PaxGene RNA,2,Male,910,Joslin,1,Fischer 344
1,MoTrPAC,1,Phase 1A,1,RNAseq,90023015502,6.0,8019468175,2,90023,ANI850-10008,10029370,90023015502,337.0,1,6 months,1,Exercise (Phase 1a),1,Phase 1A,7,48 hour (Phase 1a),55,Rat Gastrocnemius Powder,2,Male,910,Joslin,1,Fischer 344
1,MoTrPAC,1,Phase 1A,1,RNAseq,90023015503,6.0,8019467936,2,90023,ANI850-10008,10029370,90023015503,337.0,1,6 months,1,Exercise (Phase 1a),1,Phase 1A,7,48 hour (Phase 1a),55,Rat Gastrocnemius Powder,2,Male,910,Joslin,1,Fischer 344
1,MoTrPAC,1,Phase 1A,2,RRBS,90023016802,6.0,8019467696,2,90023,ANI850-10008,10029370,90023016802,337.0,1,6 months,1,Exercise (Phase 1a),1,Phase 1A,7,48 hour (Phase 1a),68,Rat Liver Powder,2,Male,910,Joslin,1,Fischer 344
1,MoTrPAC,1,Phase 1A,2,RRBS,90023017002,6.0,8019467645,2,90023,ANI850-10008,10029370,90023017002,337.0,1,6 months,1,Exercise (Phase 1a),1,Phase 1A,7,48 hour (Phase 1a),70,Rat White Adipose Powder,2,Male,910,Joslin,1,Fischer 344
1,MoTrPAC,1,Phase 1A,1,RNAseq,90025013001,6.0,8019480064,2,90025,ANI850-10008,10032754,90025013001,361.0,1,6 months,1,Exercise (Phase 1a),1,Phase 1A,2,0.5 hour (Phase 1a),30,Rat PaxGene RNA,2,Male,910,Joslin,1,Fischer 344
1,MoTrPAC,1,Phase 1A,1,RNAseq,90025015502,6.0,8019468047,2,90025,ANI850-10008,10032754,90025015502,361.0,1,6 months,1,Exercise (Phase 1a),1,Phase 1A,2,0.5 hour (Phase 1a),55,Rat Gastrocnemius Powder,2,Male,910,Joslin,1,Fischer 344
1,MoTrPAC,1,Phase 1A,1,RNAseq,90025015503,6.0,8019467820,2,90025,ANI850-10008,10032754,90025015503,361.0,1,6 months,1,Exercise (Phase 1a),1,Phase 1A,2,0.5 hour (Phase 1a),55,Rat Gastrocnemius Powder,2,Male,910,Joslin,1,Fischer 344
1,MoTrPAC,1,Phase 1A,2,RRBS,90025016802,6.0,8019468161,2,90025,ANI850-10008,10032754,90025016802,361.0,1,6 months,1,Exercise (Phase 1a),1,Phase 1A,2,0.5 hour (Phase 1a),68,Rat Liver Powder,2,Male,910,Joslin,1,Fischer 344
1,MoTrPAC,1,Phase 1A,2,RRBS,90025017002,6.0,8019468234,2,90025,ANI850-10008,10032754,90025017002,361.0,1,6 months,1,Exercise (Phase 1a),1,Phase 1A,2,0.5 hour (Phase 1a),70,Rat White Adipose Powder,2,Male,910,Joslin,1,Fischer 344
1,MoTrPAC,1,Phase 1A,1,RNAseq,90026013001,6.0,8019480511,2,90026,ANI850-10008,10030468,90026013001,195.0,1,6 months,1,Exercise (Phase 1a),1,Phase 1A,2,0.5 hour (Phase 1a),30,Rat PaxGene RNA,1,Female,910,Joslin,1,Fischer 344
1,MoTrPAC,1,Phase 1A,1,RNAseq,90026015502,6.0,8019468207,2,90026,ANI850-10008,10030468,90026015502,195.0,1,6 months,1,Exercise (Phase 1a),1,Phase 1A,2,0.5 hour (Phase 1a),55,Rat Gastrocnemius Powder,1,Female,910,Joslin,1,Fischer 344
1,MoTrPAC,1,Phase 1A,1,RNAseq,90026015503,6.0,8019467792,2,90026,ANI850-10008,10030468,90026015503,195.0,1,6 months,1,Exercise (Phase 1a),1,Phase 1A,2,0.5 hour (Phase 1a),55,Rat Gastrocnemius Powder,1,Female,910,Joslin,1,Fischer 344
1,MoTrPAC,1,Phase 1A,2,RRBS,90026016802,6.0,8019467639,2,90026,ANI850-10008,10030468,90026016802,195.0,1,6 months,1,Exercise (Phase 1a),1,Phase 1A,2,0.5 hour (Phase 1a),68,Rat Liver Powder,1,Female,910,Joslin,1,Fischer 344
1,MoTrPAC,1,Phase 1A,2,RRBS,90026017002,6.0,8019467408,2,90026,ANI850-10008,10030468,90026017002,195.0,1,6 months,1,Exercise (Phase 1a),1,Phase 1A,2,0.5 hour (Phase 1a),70,Rat White Adipose Powder,1,Female,910,Joslin,1,Fischer 344
1,MoTrPAC,1,Phase 1A,1,RNAseq,90027013001,6.0,8019480152,2,90027,ANI850-10008,10030700,90027013001,202.0,1,6 months,1,Exercise (Phase 1a),1,Phase 1A,1,Immediate Post Exercise (Phase 1a),30,Rat PaxGene RNA,1,Female,910,Joslin,1,Fischer 344
1,MoTrPAC,1,Phase 1A,1,RNAseq,90027015502,6.0,8019467515,2,90027,ANI850-10008,10030700,90027015502,202.0,1,6 months,1,Exercise (Phase 1a),1,Phase 1A,1,Immediate Post Exercise (Phase 1a),55,Rat Gastrocnemius Powder,1,Female,910,Joslin,1,Fischer 344
1,MoTrPAC,1,Phase 1A,1,RNAseq,90027015503,6.0,8019468143,2,90027,ANI850-10008,10030700,90027015503,202.0,1,6 months,1,Exercise (Phase 1a),1,Phase 1A,1,Immediate Post Exercise (Phase 1a),55,Rat Gastrocnemius Powder,1,Female,910,Joslin,1,Fischer 344
1,MoTrPAC,1,Phase 1A,2,RRBS,90027016802,6.0,8019468246,2,90027,ANI850-10008,10030700,90027016802,202.0,1,6 months,1,Exercise (Phase 1a),1,Phase 1A,1,Immediate Post Exercise (Phase 1a),68,Rat Liver Powder,1,Female,910,Joslin,1,Fischer 344
1,MoTrPAC,1,Phase 1A,2,RRBS,90027017002,6.0,8019467422,2,90027,ANI850-10008,10030700,90027017002,202.0,1,6 months,1,Exercise (Phase 1a),1,Phase 1A,1,Immediate Post Exercise (Phase 1a),70,Rat White Adipose Powder,1,Female,910,Joslin,1,Fischer 344
1,MoTrPAC,1,Phase 1A,1,RNAseq,90028013001,6.0,8019480495,2,90028,ANI850-10008,10028137,90028013001,364.0,1,6 months,1,Exercise (Phase 1a),1,Phase 1A,1,Immediate Post Exercise (Phase 1a),30,Rat PaxGene RNA,2,Male,910,Joslin,1,Fischer 344
1,MoTrPAC,1,Phase 1A,1,RNAseq,90028015502,6.0,8019467395,2,90028,ANI850-10008,10028137,90028015502,364.0,1,6 months,1,Exercise (Phase 1a),1,Phase 1A,1,Immediate Post Exercise (Phase 1a),55,Rat Gastrocnemius Powder,2,Male,910,Joslin,1,Fischer 344
1,MoTrPAC,1,Phase 1A,1,RNAseq,90028015503,6.0,8019467305,2,90028,ANI850-10008,10028137,90028015503,364.0,1,6 months,1,Exercise (Phase 1a),1,Phase 1A,1,Immediate Post Exercise (Phase 1a),55,Rat Gastrocnemius Powder,2,Male,910,Joslin,1,Fischer 344
1,MoTrPAC,1,Phase 1A,2,RRBS,90028016802,6.0,8019467688,2,90028,ANI850-10008,10028137,90028016802,364.0,1,6 months,1,Exercise (Phase 1a),1,Phase 1A,1,Immediate Post Exercise (Phase 1a),68,Rat Liver Powder,2,Male,910,Joslin,1,Fischer 344
1,MoTrPAC,1,Phase 1A,2,RRBS,90028017002,6.0,8019467588,2,90028,ANI850-10008,10028137,90028017002,364.0,1,6 months,1,Exercise (Phase 1a),1,Phase 1A,1,Immediate Post Exercise (Phase 1a),70,Rat White Adipose Powder,2,Male,910,Joslin,1,Fischer 344
1,MoTrPAC,1,Phase 1A,1,RNAseq,90029013001,6.0,8019480206,2,90029,ANI850-10008,10028641,90029013001,388.0,1,6 months,1,Exercise (Phase 1a),1,Phase 1A,3,1 hour (Phase 1a),30,Rat PaxGene RNA,2,Male,910,Joslin,1,Fischer 344
1,MoTrPAC,1,Phase 1A,1,RNAseq,90029015502,6.0,8019467751,2,90029,ANI850-10008,10028641,90029015502,388.0,1,6 months,1,Exercise (Phase 1a),1,Phase 1A,3,1 hour (Phase 1a),55,Rat Gastrocnemius Powder,2,Male,910,Joslin,1,Fischer 344
1,MoTrPAC,1,Phase 1A,1,RNAseq,90029015503,6.0,8019467603,2,90029,ANI850-10008,10028641,90029015503,388.0,1,6 months,1,Exercise (Phase 1a),1,Phase 1A,3,1 hour (Phase 1a),55,Rat Gastrocnemius Powder,2,Male,910,Joslin,1,Fischer 344
1,MoTrPAC,1,Phase 1A,2,RRBS,90029016802,6.0,8019467319,2,90029,ANI850-10008,10028641,90029016802,388.0,1,6 months,1,Exercise (Phase 1a),1,Phase 1A,3,1 hour (Phase 1a),68,Rat Liver Powder,2,Male,910,Joslin,1,Fischer 344
1,MoTrPAC,1,Phase 1A,2,RRBS,90029017002,6.0,8019467369,2,90029,ANI850-10008,10028641,90029017002,388.0,1,6 months,1,Exercise (Phase 1a),1,Phase 1A,3,1 hour (Phase 1a),70,Rat White Adipose Powder,2,Male,910,Joslin,1,Fischer 344
1,MoTrPAC,1,Phase 1A,1,RNAseq,90031013001,6.0,8019480706,2,90031,ANI850-10008,10033130,90031013001,373.0,1,6 months,1,Exercise (Phase 1a),1,Phase 1A,4,4 hour (Phase 1a),30,Rat PaxGene RNA,2,Male,910,Joslin,1,Fischer 344
1,MoTrPAC,1,Phase 1A,1,RNAseq,90031015502,6.0,8019468151,2,90031,ANI850-10008,10033130,90031015502,373.0,1,6 months,1,Exercise (Phase 1a),1,Phase 1A,4,4 hour (Phase 1a),55,Rat Gastrocnemius Powder,2,Male,910,Joslin,1,Fischer 344
1,MoTrPAC,1,Phase 1A,1,RNAseq,90031015503,6.0,8019468249,2,90031,ANI850-10008,10033130,90031015503,373.0,1,6 months,1,Exercise (Phase 1a),1,Phase 1A,4,4 hour (Phase 1a),55,Rat Gastrocnemius Powder,2,Male,910,Joslin,1,Fischer 344
1,MoTrPAC,1,Phase 1A,2,RRBS,90031016802,6.0,8019467375,2,90031,ANI850-10008,10033130,90031016802,373.0,1,6 months,1,Exercise (Phase 1a),1,Phase 1A,4,4 hour (Phase 1a),68,Rat Liver Powder,2,Male,910,Joslin,1,Fischer 344
1,MoTrPAC,1,Phase 1A,2,RRBS,90031017002,6.0,8019467412,2,90031,ANI850-10008,10033130,90031017002,373.0,1,6 months,1,Exercise (Phase 1a),1,Phase 1A,4,4 hour (Phase 1a),70,Rat White Adipose Powder,2,Male,910,Joslin,1,Fischer 344
1,MoTrPAC,1,Phase 1A,1,RNAseq,90032013001,6.0,8019480662,2,90032,ANI850-10008,10033998,90032013001,192.0,1,6 months,1,Exercise (Phase 1a),1,Phase 1A,4,4 hour (Phase 1a),30,Rat PaxGene RNA,1,Female,910,Joslin,1,Fischer 344
1,MoTrPAC,1,Phase 1A,1,RNAseq,90032015502,6.0,8019468244,2,90032,ANI850-10008,10033998,90032015502,192.0,1,6 months,1,Exercise (Phase 1a),1,Phase 1A,4,4 hour (Phase 1a),55,Rat Gastrocnemius Powder,1,Female,910,Joslin,1,Fischer 344
1,MoTrPAC,1,Phase 1A,1,RNAseq,90032015503,6.0,8019468032,2,90032,ANI850-10008,10033998,90032015503,192.0,1,6 months,1,Exercise (Phase 1a),1,Phase 1A,4,4 hour (Phase 1a),55,Rat Gastrocnemius Powder,1,Female,910,Joslin,1,Fischer 344
1,MoTrPAC,1,Phase 1A,2,RRBS,90032016802,6.0,8019468067,2,90032,ANI850-10008,10033998,90032016802,192.0,1,6 months,1,Exercise (Phase 1a),1,Phase 1A,4,4 hour (Phase 1a),68,Rat Liver Powder,1,Female,910,Joslin,1,Fischer 344
1,MoTrPAC,1,Phase 1A,2,RRBS,90032017002,6.0,8019467540,2,90032,ANI850-10008,10033998,90032017002,192.0,1,6 months,1,Exercise (Phase 1a),1,Phase 1A,4,4 hour (Phase 1a),70,Rat White Adipose Powder,1,Female,910,Joslin,1,Fischer 344
1,MoTrPAC,1,Phase 1A,1,RNAseq,90033013001,6.0,8019480202,2,90033,ANI850-10008,10031863,90033013001,382.0,1,6 months,3,Control,1,Phase 1A,5,7 hour (Phase 1a),30,Rat PaxGene RNA,2,Male,910,Joslin,1,Fischer 344
1,MoTrPAC,1,Phase 1A,1,RNAseq,90033015502,6.0,8019468025,2,90033,ANI850-10008,10031863,90033015502,382.0,1,6 months,3,Control,1,Phase 1A,5,7 hour (Phase 1a),55,Rat Gastrocnemius Powder,2,Male,910,Joslin,1,Fischer 344
1,MoTrPAC,1,Phase 1A,1,RNAseq,90033015503,6.0,8019467946,2,90033,ANI850-10008,10031863,90033015503,382.0,1,6 months,3,Control,1,Phase 1A,5,7 hour (Phase 1a),55,Rat Gastrocnemius Powder,2,Male,910,Joslin,1,Fischer 344
1,MoTrPAC,1,Phase 1A,2,RRBS,90033016802,6.0,8019467482,2,90033,ANI850-10008,10031863,90033016802,382.0,1,6 months,3,Control,1,Phase 1A,5,7 hour (Phase 1a),68,Rat Liver Powder,2,Male,910,Joslin,1,Fischer 344
1,MoTrPAC,1,Phase 1A,2,RRBS,90033017002,6.0,8019467384,2,90033,ANI850-10008,10031863,90033017002,382.0,1,6 months,3,Control,1,Phase 1A,5,7 hour (Phase 1a),70,Rat White Adipose Powder,2,Male,910,Joslin,1,Fischer 344
1,MoTrPAC,1,Phase 1A,1,RNAseq,90034013001,6.0,8019480203,2,90034,ANI850-10008,10031510,90034013001,191.0,1,6 months,3,Control,1,Phase 1A,5,7 hour (Phase 1a),30,Rat PaxGene RNA,1,Female,910,Joslin,1,Fischer 344
1,MoTrPAC,1,Phase 1A,1,RNAseq,90034015502,6.0,8019467668,2,90034,ANI850-10008,10031510,90034015502,191.0,1,6 months,3,Control,1,Phase 1A,5,7 hour (Phase 1a),55,Rat Gastrocnemius Powder,1,Female,910,Joslin,1,Fischer 344
1,MoTrPAC,1,Phase 1A,1,RNAseq,90034015503,6.0,8019467656,2,90034,ANI850-10008,10031510,90034015503,191.0,1,6 months,3,Control,1,Phase 1A,5,7 hour (Phase 1a),55,Rat Gastrocnemius Powder,1,Female,910,Joslin,1,Fischer 344
1,MoTrPAC,1,Phase 1A,2,RRBS,90034016802,6.0,8019467328,2,90034,ANI850-10008,10031510,90034016802,191.0,1,6 months,3,Control,1,Phase 1A,5,7 hour (Phase 1a),68,Rat Liver Powder,1,Female,910,Joslin,1,Fischer 344
1,MoTrPAC,1,Phase 1A,2,RRBS,90034017002,6.0,8019467972,2,90034,ANI850-10008,10031510,90034017002,191.0,1,6 months,3,Control,1,Phase 1A,5,7 hour (Phase 1a),70,Rat White Adipose Powder,1,Female,910,Joslin,1,Fischer 344
1,MoTrPAC,1,Phase 1A,1,RNAseq,90037013001,6.0,8019480362,3,90037,ANI850-10008,10031944,90037013001,334.0,1,6 months,3,Control,1,Phase 1A,1,Immediate Post Exercise (Phase 1a),30,Rat PaxGene RNA,2,Male,910,Joslin,1,Fischer 344
1,MoTrPAC,1,Phase 1A,1,RNAseq,90037015502,6.0,8019468202,3,90037,ANI850-10008,10031944,90037015502,334.0,1,6 months,3,Control,1,Phase 1A,1,Immediate Post Exercise (Phase 1a),55,Rat Gastrocnemius Powder,2,Male,910,Joslin,1,Fischer 344
1,MoTrPAC,1,Phase 1A,1,RNAseq,90037015503,6.0,8019467834,3,90037,ANI850-10008,10031944,90037015503,334.0,1,6 months,3,Control,1,Phase 1A,1,Immediate Post Exercise (Phase 1a),55,Rat Gastrocnemius Powder,2,Male,910,Joslin,1,Fischer 344
1,MoTrPAC,1,Phase 1A,2,RRBS,90037016802,6.0,8019467362,3,90037,ANI850-10008,10031944,90037016802,334.0,1,6 months,3,Control,1,Phase 1A,1,Immediate Post Exercise (Phase 1a),68,Rat Liver Powder,2,Male,910,Joslin,1,Fischer 344
1,MoTrPAC,1,Phase 1A,2,RRBS,90037017002,6.0,8019468228,3,90037,ANI850-10008,10031944,90037017002,334.0,1,6 months,3,Control,1,Phase 1A,1,Immediate Post Exercise (Phase 1a),70,Rat White Adipose Powder,2,Male,910,Joslin,1,Fischer 344
1,MoTrPAC,1,Phase 1A,1,RNAseq,90038013001,6.0,8019480728,3,90038,ANI850-10008,10035184,90038013001,199.0,1,6 months,3,Control,1,Phase 1A,1,Immediate Post Exercise (Phase 1a),30,Rat PaxGene RNA,1,Female,910,Joslin,1,Fischer 344
1,MoTrPAC,1,Phase 1A,1,RNAseq,90038015502,6.0,8019467732,3,90038,ANI850-10008,10035184,90038015502,199.0,1,6 months,3,Control,1,Phase 1A,1,Immediate Post Exercise (Phase 1a),55,Rat Gastrocnemius Powder,1,Female,910,Joslin,1,Fischer 344
1,MoTrPAC,1,Phase 1A,1,RNAseq,90038015503,6.0,8019467514,3,90038,ANI850-10008,10035184,90038015503,199.0,1,6 months,3,Control,1,Phase 1A,1,Immediate Post Exercise (Phase 1a),55,Rat Gastrocnemius Powder,1,Female,910,Joslin,1,Fischer 344
1,MoTrPAC,1,Phase 1A,2,RRBS,90038016802,6.0,8019467347,3,90038,ANI850-10008,10035184,90038016802,199.0,1,6 months,3,Control,1,Phase 1A,1,Immediate Post Exercise (Phase 1a),68,Rat Liver Powder,1,Female,910,Joslin,1,Fischer 344
1,MoTrPAC,1,Phase 1A,2,RRBS,90038017002,6.0,8019467512,3,90038,ANI850-10008,10035184,90038017002,199.0,1,6 months,3,Control,1,Phase 1A,1,Immediate Post Exercise (Phase 1a),70,Rat White Adipose Powder,1,Female,910,Joslin,1,Fischer 344
1,MoTrPAC,1,Phase 1A,1,RNAseq,90039013001,6.0,8019480916,3,90039,ANI850-10008,10032088,90039013001,362.0,1,6 months,1,Exercise (Phase 1a),1,Phase 1A,6,24 hour (Phase 1a),30,Rat PaxGene RNA,2,Male,910,Joslin,1,Fischer 344
1,MoTrPAC,1,Phase 1A,1,RNAseq,90039015502,6.0,8019467730,3,90039,ANI850-10008,10032088,90039015502,362.0,1,6 months,1,Exercise (Phase 1a),1,Phase 1A,6,24 hour (Phase 1a),55,Rat Gastrocnemius Powder,2,Male,910,Joslin,1,Fischer 344
1,MoTrPAC,1,Phase 1A,1,RNAseq,90039015503,6.0,8019467343,3,90039,ANI850-10008,10032088,90039015503,362.0,1,6 months,1,Exercise (Phase 1a),1,Phase 1A,6,24 hour (Phase 1a),55,Rat Gastrocnemius Powder,2,Male,910,Joslin,1,Fischer 344
1,MoTrPAC,1,Phase 1A,2,RRBS,90039016802,6.0,8019467723,3,90039,ANI850-10008,10032088,90039016802,362.0,1,6 months,1,Exercise (Phase 1a),1,Phase 1A,6,24 hour (Phase 1a),68,Rat Liver Powder,2,Male,910,Joslin,1,Fischer 344
1,MoTrPAC,1,Phase 1A,2,RRBS,90039017002,6.0,8019467634,3,90039,ANI850-10008,10032088,90039017002,362.0,1,6 months,1,Exercise (Phase 1a),1,Phase 1A,6,24 hour (Phase 1a),70,Rat White Adipose Powder,2,Male,910,Joslin,1,Fischer 344
1,MoTrPAC,1,Phase 1A,1,RNAseq,90040013001,6.0,8019480792,3,90040,ANI850-10008,10030891,90040013001,195.0,1,6 months,1,Exercise (Phase 1a),1,Phase 1A,6,24 hour (Phase 1a),30,Rat PaxGene RNA,1,Female,910,Joslin,1,Fischer 344
1,MoTrPAC,1,Phase 1A,1,RNAseq,90040015502,6.0,8019467633,3,90040,ANI850-10008,10030891,90040015502,195.0,1,6 months,1,Exercise (Phase 1a),1,Phase 1A,6,24 hour (Phase 1a),55,Rat Gastrocnemius Powder,1,Female,910,Joslin,1,Fischer 344
1,MoTrPAC,1,Phase 1A,1,RNAseq,90040015503,6.0,8019467666,3,90040,ANI850-10008,10030891,90040015503,195.0,1,6 months,1,Exercise (Phase 1a),1,Phase 1A,6,24 hour (Phase 1a),55,Rat Gastrocnemius Powder,1,Female,910,Joslin,1,Fischer 344
1,MoTrPAC,1,Phase 1A,2,RRBS,90040016802,6.0,8019467429,3,90040,ANI850-10008,10030891,90040016802,195.0,1,6 months,1,Exercise (Phase 1a),1,Phase 1A,6,24 hour (Phase 1a),68,Rat Liver Powder,1,Female,910,Joslin,1,Fischer 344
1,MoTrPAC,1,Phase 1A,2,RRBS,90040017002,6.0,8019467994,3,90040,ANI850-10008,10030891,90040017002,195.0,1,6 months,1,Exercise (Phase 1a),1,Phase 1A,6,24 hour (Phase 1a),70,Rat White Adipose Powder,1,Female,910,Joslin,1,Fischer 344
1,MoTrPAC,1,Phase 1A,1,RNAseq,90041013001,6.0,8019480215,3,90041,ANI850-10008,10029109,90041013001,389.0,1,6 months,1,Exercise (Phase 1a),1,Phase 1A,7,48 hour (Phase 1a),30,Rat PaxGene RNA,2,Male,910,Joslin,1,Fischer 344
1,MoTrPAC,1,Phase 1A,1,RNAseq,90041015502,6.0,8019467763,3,90041,ANI850-10008,10029109,90041015502,389.0,1,6 months,1,Exercise (Phase 1a),1,Phase 1A,7,48 hour (Phase 1a),55,Rat Gastrocnemius Powder,2,Male,910,Joslin,1,Fischer 344
1,MoTrPAC,1,Phase 1A,1,RNAseq,90041015503,6.0,8019467717,3,90041,ANI850-10008,10029109,90041015503,389.0,1,6 months,1,Exercise (Phase 1a),1,Phase 1A,7,48 hour (Phase 1a),55,Rat Gastrocnemius Powder,2,Male,910,Joslin,1,Fischer 344
1,MoTrPAC,1,Phase 1A,2,RRBS,90041016802,6.0,8019468096,3,90041,ANI850-10008,10029109,90041016802,389.0,1,6 months,1,Exercise (Phase 1a),1,Phase 1A,7,48 hour (Phase 1a),68,Rat Liver Powder,2,Male,910,Joslin,1,Fischer 344
1,MoTrPAC,1,Phase 1A,2,RRBS,90041017002,6.0,8019468241,3,90041,ANI850-10008,10029109,90041017002,389.0,1,6 months,1,Exercise (Phase 1a),1,Phase 1A,7,48 hour (Phase 1a),70,Rat White Adipose Powder,2,Male,910,Joslin,1,Fischer 344
1,MoTrPAC,1,Phase 1A,1,RNAseq,90042013001,6.0,8019480252,3,90042,ANI850-10008,10030034,90042013001,193.0,1,6 months,1,Exercise (Phase 1a),1,Phase 1A,7,48 hour (Phase 1a),30,Rat PaxGene RNA,1,Female,910,Joslin,1,Fischer 344
1,MoTrPAC,1,Phase 1A,1,RNAseq,90042015502,6.0,8019467385,3,90042,ANI850-10008,10030034,90042015502,193.0,1,6 months,1,Exercise (Phase 1a),1,Phase 1A,7,48 hour (Phase 1a),55,Rat Gastrocnemius Powder,1,Female,910,Joslin,1,Fischer 344
1,MoTrPAC,1,Phase 1A,1,RNAseq,90042015503,6.0,8019467529,3,90042,ANI850-10008,10030034,90042015503,193.0,1,6 months,1,Exercise (Phase 1a),1,Phase 1A,7,48 hour (Phase 1a),55,Rat Gastrocnemius Powder,1,Female,910,Joslin,1,Fischer 344
1,MoTrPAC,1,Phase 1A,2,RRBS,90042016802,6.0,8019467755,3,90042,ANI850-10008,10030034,90042016802,193.0,1,6 months,1,Exercise (Phase 1a),1,Phase 1A,7,48 hour (Phase 1a),68,Rat Liver Powder,1,Female,910,Joslin,1,Fischer 344
1,MoTrPAC,1,Phase 1A,2,RRBS,90042017002,6.0,8019468031,3,90042,ANI850-10008,10030034,90042017002,193.0,1,6 months,1,Exercise (Phase 1a),1,Phase 1A,7,48 hour (Phase 1a),70,Rat White Adipose Powder,1,Female,910,Joslin,1,Fischer 344
1,MoTrPAC,1,Phase 1A,1,RNAseq,90043013001,6.0,8019480269,3,90043,ANI850-10008,10028560,90043013001,394.0,1,6 months,1,Exercise (Phase 1a),1,Phase 1A,2,0.5 hour (Phase 1a),30,Rat PaxGene RNA,2,Male,910,Joslin,1,Fischer 344
1,MoTrPAC,1,Phase 1A,1,RNAseq,90043015502,6.0,8019467678,3,90043,ANI850-10008,10028560,90043015502,394.0,1,6 months,1,Exercise (Phase 1a),1,Phase 1A,2,0.5 hour (Phase 1a),55,Rat Gastrocnemius Powder,2,Male,910,Joslin,1,Fischer 344
1,MoTrPAC,1,Phase 1A,1,RNAseq,90043015503,6.0,8019468176,3,90043,ANI850-10008,10028560,90043015503,394.0,1,6 months,1,Exercise (Phase 1a),1,Phase 1A,2,0.5 hour (Phase 1a),55,Rat Gastrocnemius Powder,2,Male,910,Joslin,1,Fischer 344
1,MoTrPAC,1,Phase 1A,2,RRBS,90043016802,6.0,8019467516,3,90043,ANI850-10008,10028560,90043016802,394.0,1,6 months,1,Exercise (Phase 1a),1,Phase 1A,2,0.5 hour (Phase 1a),68,Rat Liver Powder,2,Male,910,Joslin,1,Fischer 344
1,MoTrPAC,1,Phase 1A,2,RRBS,90043017002,6.0,8019467373,3,90043,ANI850-10008,10028560,90043017002,394.0,1,6 months,1,Exercise (Phase 1a),1,Phase 1A,2,0.5 hour (Phase 1a),70,Rat White Adipose Powder,2,Male,910,Joslin,1,Fischer 344
1,MoTrPAC,1,Phase 1A,1,RNAseq,90044013001,6.0,8019480167,3,90044,ANI850-10008,10031782,90044013001,192.0,1,6 months,1,Exercise (Phase 1a),1,Phase 1A,2,0.5 hour (Phase 1a),30,Rat PaxGene RNA,1,Female,910,Joslin,1,Fischer 344
1,MoTrPAC,1,Phase 1A,1,RNAseq,90044015502,6.0,8019467680,3,90044,ANI850-10008,10031782,90044015502,192.0,1,6 months,1,Exercise (Phase 1a),1,Phase 1A,2,0.5 hour (Phase 1a),55,Rat Gastrocnemius Powder,1,Female,910,Joslin,1,Fischer 344
1,MoTrPAC,1,Phase 1A,1,RNAseq,90044015503,6.0,8019468250,3,90044,ANI850-10008,10031782,90044015503,192.0,1,6 months,1,Exercise (Phase 1a),1,Phase 1A,2,0.5 hour (Phase 1a),55,Rat Gastrocnemius Powder,1,Female,910,Joslin,1,Fischer 344
1,MoTrPAC,1,Phase 1A,2,RRBS,90044016802,6.0,8019467346,3,90044,ANI850-10008,10031782,90044016802,192.0,1,6 months,1,Exercise (Phase 1a),1,Phase 1A,2,0.5 hour (Phase 1a),68,Rat Liver Powder,1,Female,910,Joslin,1,Fischer 344
1,MoTrPAC,1,Phase 1A,2,RRBS,90044017002,6.0,8019467729,3,90044,ANI850-10008,10031782,90044017002,192.0,1,6 months,1,Exercise (Phase 1a),1,Phase 1A,2,0.5 hour (Phase 1a),70,Rat White Adipose Powder,1,Female,910,Joslin,1,Fischer 344
1,MoTrPAC,1,Phase 1A,1,RNAseq,90045013001,6.0,8019480671,3,90045,ANI850-10008,10031006,90045013001,191.0,1,6 months,1,Exercise (Phase 1a),1,Phase 1A,1,Immediate Post Exercise (Phase 1a),30,Rat PaxGene RNA,1,Female,910,Joslin,1,Fischer 344
1,MoTrPAC,1,Phase 1A,1,RNAseq,90045015502,6.0,8019467833,3,90045,ANI850-10008,10031006,90045015502,191.0,1,6 months,1,Exercise (Phase 1a),1,Phase 1A,1,Immediate Post Exercise (Phase 1a),55,Rat Gastrocnemius Powder,1,Female,910,Joslin,1,Fischer 344
1,MoTrPAC,1,Phase 1A,1,RNAseq,90045015503,6.0,8019467539,3,90045,ANI850-10008,10031006,90045015503,191.0,1,6 months,1,Exercise (Phase 1a),1,Phase 1A,1,Immediate Post Exercise (Phase 1a),55,Rat Gastrocnemius Powder,1,Female,910,Joslin,1,Fischer 344
1,MoTrPAC,1,Phase 1A,2,RRBS,90045016802,6.0,8019467513,3,90045,ANI850-10008,10031006,90045016802,191.0,1,6 months,1,Exercise (Phase 1a),1,Phase 1A,1,Immediate Post Exercise (Phase 1a),68,Rat Liver Powder,1,Female,910,Joslin,1,Fischer 344
1,MoTrPAC,1,Phase 1A,2,RRBS,90045017002,6.0,8019467565,3,90045,ANI850-10008,10031006,90045017002,191.0,1,6 months,1,Exercise (Phase 1a),1,Phase 1A,1,Immediate Post Exercise (Phase 1a),70,Rat White Adipose Powder,1,Female,910,Joslin,1,Fischer 344
1,MoTrPAC,1,Phase 1A,1,RNAseq,90046013001,6.0,8019480742,3,90046,ANI850-10008,10033211,90046013001,333.0,1,6 months,1,Exercise (Phase 1a),1,Phase 1A,1,Immediate Post Exercise (Phase 1a),30,Rat PaxGene RNA,2,Male,910,Joslin,1,Fischer 344
1,MoTrPAC,1,Phase 1A,1,RNAseq,90046015502,6.0,8019467724,3,90046,ANI850-10008,10033211,90046015502,333.0,1,6 months,1,Exercise (Phase 1a),1,Phase 1A,1,Immediate Post Exercise (Phase 1a),55,Rat Gastrocnemius Powder,2,Male,910,Joslin,1,Fischer 344
1,MoTrPAC,1,Phase 1A,1,RNAseq,90046015503,6.0,8019468125,3,90046,ANI850-10008,10033211,90046015503,333.0,1,6 months,1,Exercise (Phase 1a),1,Phase 1A,1,Immediate Post Exercise (Phase 1a),55,Rat Gastrocnemius Powder,2,Male,910,Joslin,1,Fischer 344
1,MoTrPAC,1,Phase 1A,2,RRBS,90046016802,6.0,8019467474,3,90046,ANI850-10008,10033211,90046016802,333.0,1,6 months,1,Exercise (Phase 1a),1,Phase 1A,1,Immediate Post Exercise (Phase 1a),68,Rat Liver Powder,2,Male,910,Joslin,1,Fischer 344
1,MoTrPAC,1,Phase 1A,2,RRBS,90046017002,6.0,8019467419,3,90046,ANI850-10008,10033211,90046017002,333.0,1,6 months,1,Exercise (Phase 1a),1,Phase 1A,1,Immediate Post Exercise (Phase 1a),70,Rat White Adipose Powder,2,Male,910,Joslin,1,Fischer 344
1,MoTrPAC,1,Phase 1A,1,RNAseq,90047013001,6.0,8019480524,3,90047,ANI850-10008,10028056,90047013001,366.0,1,6 months,1,Exercise (Phase 1a),1,Phase 1A,3,1 hour (Phase 1a),30,Rat PaxGene RNA,2,Male,910,Joslin,1,Fischer 344
1,MoTrPAC,1,Phase 1A,1,RNAseq,90047015502,6.0,8019467775,3,90047,ANI850-10008,10028056,90047015502,366.0,1,6 months,1,Exercise (Phase 1a),1,Phase 1A,3,1 hour (Phase 1a),55,Rat Gastrocnemius Powder,2,Male,910,Joslin,1,Fischer 344
1,MoTrPAC,1,Phase 1A,1,RNAseq,90047015503,6.0,8019467521,3,90047,ANI850-10008,10028056,90047015503,366.0,1,6 months,1,Exercise (Phase 1a),1,Phase 1A,3,1 hour (Phase 1a),55,Rat Gastrocnemius Powder,2,Male,910,Joslin,1,Fischer 344
1,MoTrPAC,1,Phase 1A,2,RRBS,90047016802,6.0,8019467927,3,90047,ANI850-10008,10028056,90047016802,366.0,1,6 months,1,Exercise (Phase 1a),1,Phase 1A,3,1 hour (Phase 1a),68,Rat Liver Powder,2,Male,910,Joslin,1,Fischer 344
1,MoTrPAC,1,Phase 1A,2,RRBS,90047017002,6.0,8019468097,3,90047,ANI850-10008,10028056,90047017002,366.0,1,6 months,1,Exercise (Phase 1a),1,Phase 1A,3,1 hour (Phase 1a),70,Rat White Adipose Powder,2,Male,910,Joslin,1,Fischer 344
1,MoTrPAC,1,Phase 1A,1,RNAseq,90048013001,6.0,8019480162,3,90048,ANI850-10008,10033645,90048013001,194.0,1,6 months,1,Exercise (Phase 1a),1,Phase 1A,3,1 hour (Phase 1a),30,Rat PaxGene RNA,1,Female,910,Joslin,1,Fischer 344
1,MoTrPAC,1,Phase 1A,1,RNAseq,90048015502,6.0,8019467409,3,90048,ANI850-10008,10033645,90048015502,194.0,1,6 months,1,Exercise (Phase 1a),1,Phase 1A,3,1 hour (Phase 1a),55,Rat Gastrocnemius Powder,1,Female,910,Joslin,1,Fischer 344
1,MoTrPAC,1,Phase 1A,1,RNAseq,90048015503,6.0,8019467546,3,90048,ANI850-10008,10033645,90048015503,194.0,1,6 months,1,Exercise (Phase 1a),1,Phase 1A,3,1 hour (Phase 1a),55,Rat Gastrocnemius Powder,1,Female,910,Joslin,1,Fischer 344
1,MoTrPAC,1,Phase 1A,2,RRBS,90048016802,6.0,8019467443,3,90048,ANI850-10008,10033645,90048016802,194.0,1,6 months,1,Exercise (Phase 1a),1,Phase 1A,3,1 hour (Phase 1a),68,Rat Liver Powder,1,Female,910,Joslin,1,Fischer 344
1,MoTrPAC,1,Phase 1A,2,RRBS,90048017002,6.0,8019467602,3,90048,ANI850-10008,10033645,90048017002,194.0,1,6 months,1,Exercise (Phase 1a),1,Phase 1A,3,1 hour (Phase 1a),70,Rat White Adipose Powder,1,Female,910,Joslin,1,Fischer 344
1,MoTrPAC,1,Phase 1A,1,RNAseq,90050013001,6.0,8019480986,3,90050,ANI850-10008,10034889,90050013001,191.0,1,6 months,1,Exercise (Phase 1a),1,Phase 1A,4,4 hour (Phase 1a),30,Rat PaxGene RNA,1,Female,910,Joslin,1,Fischer 344
1,MoTrPAC,1,Phase 1A,1,RNAseq,90050015502,6.0,8019468119,3,90050,ANI850-10008,10034889,90050015502,191.0,1,6 months,1,Exercise (Phase 1a),1,Phase 1A,4,4 hour (Phase 1a),55,Rat Gastrocnemius Powder,1,Female,910,Joslin,1,Fischer 344
1,MoTrPAC,1,Phase 1A,1,RNAseq,90050015503,6.0,8019467693,3,90050,ANI850-10008,10034889,90050015503,191.0,1,6 months,1,Exercise (Phase 1a),1,Phase 1A,4,4 hour (Phase 1a),55,Rat Gastrocnemius Powder,1,Female,910,Joslin,1,Fischer 344
1,MoTrPAC,1,Phase 1A,2,RRBS,90050016802,6.0,8019467940,3,90050,ANI850-10008,10034889,90050016802,191.0,1,6 months,1,Exercise (Phase 1a),1,Phase 1A,4,4 hour (Phase 1a),68,Rat Liver Powder,1,Female,910,Joslin,1,Fischer 344
1,MoTrPAC,1,Phase 1A,2,RRBS,90050017002,6.0,8019467386,3,90050,ANI850-10008,10034889,90050017002,191.0,1,6 months,1,Exercise (Phase 1a),1,Phase 1A,4,4 hour (Phase 1a),70,Rat White Adipose Powder,1,Female,910,Joslin,1,Fischer 344
1,MoTrPAC,1,Phase 1A,1,RNAseq,90052013001,6.0,8019480956,3,90052,ANI850-10008,10030387,90052013001,192.0,1,6 months,3,Control,1,Phase 1A,5,7 hour (Phase 1a),30,Rat PaxGene RNA,1,Female,910,Joslin,1,Fischer 344
1,MoTrPAC,1,Phase 1A,1,RNAseq,90052015502,6.0,8019468211,3,90052,ANI850-10008,10030387,90052015502,192.0,1,6 months,3,Control,1,Phase 1A,5,7 hour (Phase 1a),55,Rat Gastrocnemius Powder,1,Female,910,Joslin,1,Fischer 344
1,MoTrPAC,1,Phase 1A,1,RNAseq,90052015503,6.0,8019468154,3,90052,ANI850-10008,10030387,90052015503,192.0,1,6 months,3,Control,1,Phase 1A,5,7 hour (Phase 1a),55,Rat Gastrocnemius Powder,1,Female,910,Joslin,1,Fischer 344
1,MoTrPAC,1,Phase 1A,2,RRBS,90052016802,6.0,8019467337,3,90052,ANI850-10008,10030387,90052016802,192.0,1,6 months,3,Control,1,Phase 1A,5,7 hour (Phase 1a),68,Rat Liver Powder,1,Female,910,Joslin,1,Fischer 344
1,MoTrPAC,1,Phase 1A,2,RRBS,90052017002,6.0,8019467858,3,90052,ANI850-10008,10030387,90052017002,192.0,1,6 months,3,Control,1,Phase 1A,5,7 hour (Phase 1a),70,Rat White Adipose Powder,1,Female,910,Joslin,1,Fischer 344
1,MoTrPAC,1,Phase 1A,1,RNAseq,90053013001,6.0,8019480394,3,90053,ANI850-10008,10029451,90053013001,338.0,1,6 months,1,Exercise (Phase 1a),1,Phase 1A,5,7 hour (Phase 1a),30,Rat PaxGene RNA,2,Male,910,Joslin,1,Fischer 344
1,MoTrPAC,1,Phase 1A,1,RNAseq,90053015502,6.0,8019467685,3,90053,ANI850-10008,10029451,90053015502,338.0,1,6 months,1,Exercise (Phase 1a),1,Phase 1A,5,7 hour (Phase 1a),55,Rat Gastrocnemius Powder,2,Male,910,Joslin,1,Fischer 344
1,MoTrPAC,1,Phase 1A,1,RNAseq,90053015503,6.0,8019468242,3,90053,ANI850-10008,10029451,90053015503,338.0,1,6 months,1,Exercise (Phase 1a),1,Phase 1A,5,7 hour (Phase 1a),55,Rat Gastrocnemius Powder,2,Male,910,Joslin,1,Fischer 344
1,MoTrPAC,1,Phase 1A,2,RRBS,90053016802,6.0,8019467963,3,90053,ANI850-10008,10029451,90053016802,338.0,1,6 months,1,Exercise (Phase 1a),1,Phase 1A,5,7 hour (Phase 1a),68,Rat Liver Powder,2,Male,910,Joslin,1,Fischer 344
1,MoTrPAC,1,Phase 1A,2,RRBS,90053017002,6.0,8019467888,3,90053,ANI850-10008,10029451,90053017002,338.0,1,6 months,1,Exercise (Phase 1a),1,Phase 1A,5,7 hour (Phase 1a),70,Rat White Adipose Powder,2,Male,910,Joslin,1,Fischer 344
1,MoTrPAC,1,Phase 1A,1,RNAseq,90109013001,6.0,8019487523,4,90109,ANI850-10008,10167846,90109013001,388.0,1,6 months,3,Control,1,Phase 1A,1,Immediate Post Exercise (Phase 1a),30,Rat PaxGene RNA,2,Male,910,Joslin,1,Fischer 344
1,MoTrPAC,1,Phase 1A,1,RNAseq,90109015502,6.0,8019467401,4,90109,ANI850-10008,10167846,90109015502,388.0,1,6 months,3,Control,1,Phase 1A,1,Immediate Post Exercise (Phase 1a),55,Rat Gastrocnemius Powder,2,Male,910,Joslin,1,Fischer 344
1,MoTrPAC,1,Phase 1A,1,RNAseq,90109015503,6.0,8019467327,4,90109,ANI850-10008,10167846,90109015503,388.0,1,6 months,3,Control,1,Phase 1A,1,Immediate Post Exercise (Phase 1a),55,Rat Gastrocnemius Powder,2,Male,910,Joslin,1,Fischer 344
1,MoTrPAC,1,Phase 1A,2,RRBS,90109016802,6.0,8019467921,4,90109,ANI850-10008,10167846,90109016802,388.0,1,6 months,3,Control,1,Phase 1A,1,Immediate Post Exercise (Phase 1a),68,Rat Liver Powder,2,Male,910,Joslin,1,Fischer 344
1,MoTrPAC,1,Phase 1A,2,RRBS,90109017002,6.0,8019467733,4,90109,ANI850-10008,10167846,90109017002,388.0,1,6 months,3,Control,1,Phase 1A,1,Immediate Post Exercise (Phase 1a),70,Rat White Adipose Powder,2,Male,910,Joslin,1,Fischer 344
1,MoTrPAC,1,Phase 1A,1,RNAseq,90110013001,6.0,8019487032,4,90110,ANI850-10008,10274847,90110013001,183.0,1,6 months,3,Control,1,Phase 1A,1,Immediate Post Exercise (Phase 1a),30,Rat PaxGene RNA,1,Female,910,Joslin,1,Fischer 344
1,MoTrPAC,1,Phase 1A,1,RNAseq,90110015502,6.0,8019467363,4,90110,ANI850-10008,10274847,90110015502,183.0,1,6 months,3,Control,1,Phase 1A,1,Immediate Post Exercise (Phase 1a),55,Rat Gastrocnemius Powder,1,Female,910,Joslin,1,Fischer 344
1,MoTrPAC,1,Phase 1A,1,RNAseq,90110015503,6.0,8019467578,4,90110,ANI850-10008,10274847,90110015503,183.0,1,6 months,3,Control,1,Phase 1A,1,Immediate Post Exercise (Phase 1a),55,Rat Gastrocnemius Powder,1,Female,910,Joslin,1,Fischer 344
1,MoTrPAC,1,Phase 1A,2,RRBS,90110016802,6.0,8019468041,4,90110,ANI850-10008,10274847,90110016802,183.0,1,6 months,3,Control,1,Phase 1A,1,Immediate Post Exercise (Phase 1a),68,Rat Liver Powder,1,Female,910,Joslin,1,Fischer 344
1,MoTrPAC,1,Phase 1A,2,RRBS,90110017002,6.0,8019467593,4,90110,ANI850-10008,10274847,90110017002,183.0,1,6 months,3,Control,1,Phase 1A,1,Immediate Post Exercise (Phase 1a),70,Rat White Adipose Powder,1,Female,910,Joslin,1,Fischer 344
1,MoTrPAC,1,Phase 1A,1,RNAseq,90112013001,6.0,8019487172,4,90112,ANI850-10008,10316787,90112013001,179.0,1,6 months,1,Exercise (Phase 1a),1,Phase 1A,6,24 hour (Phase 1a),30,Rat PaxGene RNA,1,Female,910,Joslin,1,Fischer 344
1,MoTrPAC,1,Phase 1A,1,RNAseq,90112015502,6.0,8019467753,4,90112,ANI850-10008,10316787,90112015502,179.0,1,6 months,1,Exercise (Phase 1a),1,Phase 1A,6,24 hour (Phase 1a),55,Rat Gastrocnemius Powder,1,Female,910,Joslin,1,Fischer 344
1,MoTrPAC,1,Phase 1A,1,RNAseq,90112015503,6.0,8019468078,4,90112,ANI850-10008,10316787,90112015503,179.0,1,6 months,1,Exercise (Phase 1a),1,Phase 1A,6,24 hour (Phase 1a),55,Rat Gastrocnemius Powder,1,Female,910,Joslin,1,Fischer 344
1,MoTrPAC,1,Phase 1A,2,RRBS,90112016802,6.0,8019468224,4,90112,ANI850-10008,10316787,90112016802,179.0,1,6 months,1,Exercise (Phase 1a),1,Phase 1A,6,24 hour (Phase 1a),68,Rat Liver Powder,1,Female,910,Joslin,1,Fischer 344
1,MoTrPAC,1,Phase 1A,2,RRBS,90112017002,6.0,8019467667,4,90112,ANI850-10008,10316787,90112017002,179.0,1,6 months,1,Exercise (Phase 1a),1,Phase 1A,6,24 hour (Phase 1a),70,Rat White Adipose Powder,1,Female,910,Joslin,1,Fischer 344
1,MoTrPAC,1,Phase 1A,1,RNAseq,90114013001,6.0,8019487039,4,90114,ANI850-10008,10532994,90114013001,198.0,1,6 months,1,Exercise (Phase 1a),1,Phase 1A,7,48 hour (Phase 1a),30,Rat PaxGene RNA,1,Female,910,Joslin,1,Fischer 344
1,MoTrPAC,1,Phase 1A,1,RNAseq,90114015502,6.0,8019468113,4,90114,ANI850-10008,10532994,90114015502,198.0,1,6 months,1,Exercise (Phase 1a),1,Phase 1A,7,48 hour (Phase 1a),55,Rat Gastrocnemius Powder,1,Female,910,Joslin,1,Fischer 344
1,MoTrPAC,1,Phase 1A,1,RNAseq,90114015503,6.0,8019467292,4,90114,ANI850-10008,10532994,90114015503,198.0,1,6 months,1,Exercise (Phase 1a),1,Phase 1A,7,48 hour (Phase 1a),55,Rat Gastrocnemius Powder,1,Female,910,Joslin,1,Fischer 344
1,MoTrPAC,1,Phase 1A,2,RRBS,90114016802,6.0,8019468070,4,90114,ANI850-10008,10532994,90114016802,198.0,1,6 months,1,Exercise (Phase 1a),1,Phase 1A,7,48 hour (Phase 1a),68,Rat Liver Powder,1,Female,910,Joslin,1,Fischer 344
1,MoTrPAC,1,Phase 1A,2,RRBS,90114017002,6.0,8019468185,4,90114,ANI850-10008,10532994,90114017002,198.0,1,6 months,1,Exercise (Phase 1a),1,Phase 1A,7,48 hour (Phase 1a),70,Rat White Adipose Powder,1,Female,910,Joslin,1,Fischer 344
1,MoTrPAC,1,Phase 1A,1,RNAseq,90115013001,6.0,8019487608,4,90115,ANI850-10008,10200053,90115013001,358.0,1,6 months,1,Exercise (Phase 1a),1,Phase 1A,2,0.5 hour (Phase 1a),30,Rat PaxGene RNA,2,Male,910,Joslin,1,Fischer 344
1,MoTrPAC,1,Phase 1A,1,RNAseq,90115015502,6.0,8019467478,4,90115,ANI850-10008,10200053,90115015502,358.0,1,6 months,1,Exercise (Phase 1a),1,Phase 1A,2,0.5 hour (Phase 1a),55,Rat Gastrocnemius Powder,2,Male,910,Joslin,1,Fischer 344
1,MoTrPAC,1,Phase 1A,1,RNAseq,90115015503,6.0,8019467574,4,90115,ANI850-10008,10200053,90115015503,358.0,1,6 months,1,Exercise (Phase 1a),1,Phase 1A,2,0.5 hour (Phase 1a),55,Rat Gastrocnemius Powder,2,Male,910,Joslin,1,Fischer 344
1,MoTrPAC,1,Phase 1A,2,RRBS,90115016802,6.0,8019467908,4,90115,ANI850-10008,10200053,90115016802,358.0,1,6 months,1,Exercise (Phase 1a),1,Phase 1A,2,0.5 hour (Phase 1a),68,Rat Liver Powder,2,Male,910,Joslin,1,Fischer 344
1,MoTrPAC,1,Phase 1A,2,RRBS,90115017002,6.0,8019467893,4,90115,ANI850-10008,10200053,90115017002,358.0,1,6 months,1,Exercise (Phase 1a),1,Phase 1A,2,0.5 hour (Phase 1a),70,Rat White Adipose Powder,2,Male,910,Joslin,1,Fischer 344
1,MoTrPAC,1,Phase 1A,1,RNAseq,90117013001,6.0,8019487174,4,90117,ANI850-10008,10516603,90117013001,174.0,1,6 months,1,Exercise (Phase 1a),1,Phase 1A,1,Immediate Post Exercise (Phase 1a),30,Rat PaxGene RNA,1,Female,910,Joslin,1,Fischer 344
1,MoTrPAC,1,Phase 1A,1,RNAseq,90117015502,6.0,8019467845,4,90117,ANI850-10008,10516603,90117015502,174.0,1,6 months,1,Exercise (Phase 1a),1,Phase 1A,1,Immediate Post Exercise (Phase 1a),55,Rat Gastrocnemius Powder,1,Female,910,Joslin,1,Fischer 344
1,MoTrPAC,1,Phase 1A,1,RNAseq,90117015503,6.0,8019467432,4,90117,ANI850-10008,10516603,90117015503,174.0,1,6 months,1,Exercise (Phase 1a),1,Phase 1A,1,Immediate Post Exercise (Phase 1a),55,Rat Gastrocnemius Powder,1,Female,910,Joslin,1,Fischer 344
1,MoTrPAC,1,Phase 1A,2,RRBS,90117016802,6.0,8019467413,4,90117,ANI850-10008,10516603,90117016802,174.0,1,6 months,1,Exercise (Phase 1a),1,Phase 1A,1,Immediate Post Exercise (Phase 1a),68,Rat Liver Powder,1,Female,910,Joslin,1,Fischer 344
1,MoTrPAC,1,Phase 1A,2,RRBS,90117017002,6.0,8019467734,4,90117,ANI850-10008,10516603,90117017002,174.0,1,6 months,1,Exercise (Phase 1a),1,Phase 1A,1,Immediate Post Exercise (Phase 1a),70,Rat White Adipose Powder,1,Female,910,Joslin,1,Fischer 344
1,MoTrPAC,1,Phase 1A,1,RNAseq,90118013001,6.0,8019487626,4,90118,ANI850-10008,10410961,90118013001,301.0,1,6 months,1,Exercise (Phase 1a),1,Phase 1A,1,Immediate Post Exercise (Phase 1a),30,Rat PaxGene RNA,2,Male,910,Joslin,1,Fischer 344
1,MoTrPAC,1,Phase 1A,1,RNAseq,90118015502,6.0,8019467471,4,90118,ANI850-10008,10410961,90118015502,301.0,1,6 months,1,Exercise (Phase 1a),1,Phase 1A,1,Immediate Post Exercise (Phase 1a),55,Rat Gastrocnemius Powder,2,Male,910,Joslin,1,Fischer 344
1,MoTrPAC,1,Phase 1A,1,RNAseq,90118015503,6.0,8019467627,4,90118,ANI850-10008,10410961,90118015503,301.0,1,6 months,1,Exercise (Phase 1a),1,Phase 1A,1,Immediate Post Exercise (Phase 1a),55,Rat Gastrocnemius Powder,2,Male,910,Joslin,1,Fischer 344
1,MoTrPAC,1,Phase 1A,2,RRBS,90118016802,6.0,8019467561,4,90118,ANI850-10008,10410961,90118016802,301.0,1,6 months,1,Exercise (Phase 1a),1,Phase 1A,1,Immediate Post Exercise (Phase 1a),68,Rat Liver Powder,2,Male,910,Joslin,1,Fischer 344
1,MoTrPAC,1,Phase 1A,2,RRBS,90118017002,6.0,8019467382,4,90118,ANI850-10008,10410961,90118017002,301.0,1,6 months,1,Exercise (Phase 1a),1,Phase 1A,1,Immediate Post Exercise (Phase 1a),70,Rat White Adipose Powder,2,Male,910,Joslin,1,Fischer 344
1,MoTrPAC,1,Phase 1A,1,RNAseq,90119013001,6.0,8019487449,4,90119,ANI850-10008,10425993,90119013001,320.0,1,6 months,1,Exercise (Phase 1a),1,Phase 1A,3,1 hour (Phase 1a),30,Rat PaxGene RNA,2,Male,910,Joslin,1,Fischer 344
1,MoTrPAC,1,Phase 1A,1,RNAseq,90119015502,6.0,8019468007,4,90119,ANI850-10008,10425993,90119015502,320.0,1,6 months,1,Exercise (Phase 1a),1,Phase 1A,3,1 hour (Phase 1a),55,Rat Gastrocnemius Powder,2,Male,910,Joslin,1,Fischer 344
1,MoTrPAC,1,Phase 1A,1,RNAseq,90119015503,6.0,8019467930,4,90119,ANI850-10008,10425993,90119015503,320.0,1,6 months,1,Exercise (Phase 1a),1,Phase 1A,3,1 hour (Phase 1a),55,Rat Gastrocnemius Powder,2,Male,910,Joslin,1,Fischer 344
1,MoTrPAC,1,Phase 1A,2,RRBS,90119016802,6.0,8019467479,4,90119,ANI850-10008,10425993,90119016802,320.0,1,6 months,1,Exercise (Phase 1a),1,Phase 1A,3,1 hour (Phase 1a),68,Rat Liver Powder,2,Male,910,Joslin,1,Fischer 344
1,MoTrPAC,1,Phase 1A,2,RRBS,90119017002,6.0,8019467790,4,90119,ANI850-10008,10425993,90119017002,320.0,1,6 months,1,Exercise (Phase 1a),1,Phase 1A,3,1 hour (Phase 1a),70,Rat White Adipose Powder,2,Male,910,Joslin,1,Fischer 344
1,MoTrPAC,1,Phase 1A,1,RNAseq,90120013001,6.0,8019486880,4,90120,ANI850-10008,10484655,90120013001,193.0,1,6 months,1,Exercise (Phase 1a),1,Phase 1A,3,1 hour (Phase 1a),30,Rat PaxGene RNA,1,Female,910,Joslin,1,Fischer 344
1,MoTrPAC,1,Phase 1A,1,RNAseq,90120015502,6.0,8019467886,4,90120,ANI850-10008,10484655,90120015502,193.0,1,6 months,1,Exercise (Phase 1a),1,Phase 1A,3,1 hour (Phase 1a),55,Rat Gastrocnemius Powder,1,Female,910,Joslin,1,Fischer 344
1,MoTrPAC,1,Phase 1A,1,RNAseq,90120015503,6.0,8019467749,4,90120,ANI850-10008,10484655,90120015503,193.0,1,6 months,1,Exercise (Phase 1a),1,Phase 1A,3,1 hour (Phase 1a),55,Rat Gastrocnemius Powder,1,Female,910,Joslin,1,Fischer 344
1,MoTrPAC,1,Phase 1A,2,RRBS,90120016802,6.0,8019467924,4,90120,ANI850-10008,10484655,90120016802,193.0,1,6 months,1,Exercise (Phase 1a),1,Phase 1A,3,1 hour (Phase 1a),68,Rat Liver Powder,1,Female,910,Joslin,1,Fischer 344
1,MoTrPAC,1,Phase 1A,2,RRBS,90120017002,6.0,8019468021,4,90120,ANI850-10008,10484655,90120017002,193.0,1,6 months,1,Exercise (Phase 1a),1,Phase 1A,3,1 hour (Phase 1a),70,Rat White Adipose Powder,1,Female,910,Joslin,1,Fischer 344
1,MoTrPAC,1,Phase 1A,1,RNAseq,90121013001,6.0,8019487592,4,90121,ANI850-10008,10372776,90121013001,352.0,1,6 months,1,Exercise (Phase 1a),1,Phase 1A,4,4 hour (Phase 1a),30,Rat PaxGene RNA,2,Male,910,Joslin,1,Fischer 344
1,MoTrPAC,1,Phase 1A,1,RNAseq,90121015502,6.0,8019467778,4,90121,ANI850-10008,10372776,90121015502,352.0,1,6 months,1,Exercise (Phase 1a),1,Phase 1A,4,4 hour (Phase 1a),55,Rat Gastrocnemius Powder,2,Male,910,Joslin,1,Fischer 344
1,MoTrPAC,1,Phase 1A,1,RNAseq,90121015503,6.0,8019467672,4,90121,ANI850-10008,10372776,90121015503,352.0,1,6 months,1,Exercise (Phase 1a),1,Phase 1A,4,4 hour (Phase 1a),55,Rat Gastrocnemius Powder,2,Male,910,Joslin,1,Fischer 344
1,MoTrPAC,1,Phase 1A,2,RRBS,90121016802,6.0,8019467348,4,90121,ANI850-10008,10372776,90121016802,352.0,1,6 months,1,Exercise (Phase 1a),1,Phase 1A,4,4 hour (Phase 1a),68,Rat Liver Powder,2,Male,910,Joslin,1,Fischer 344
1,MoTrPAC,1,Phase 1A,2,RRBS,90121017002,6.0,8019467425,4,90121,ANI850-10008,10372776,90121017002,352.0,1,6 months,1,Exercise (Phase 1a),1,Phase 1A,4,4 hour (Phase 1a),70,Rat White Adipose Powder,2,Male,910,Joslin,1,Fischer 344
1,MoTrPAC,1,Phase 1A,1,RNAseq,90122013001,6.0,8019487486,4,90122,ANI850-10008,10535667,90122013001,185.0,1,6 months,1,Exercise (Phase 1a),1,Phase 1A,4,4 hour (Phase 1a),30,Rat PaxGene RNA,1,Female,910,Joslin,1,Fischer 344
1,MoTrPAC,1,Phase 1A,1,RNAseq,90122015502,6.0,8019468237,4,90122,ANI850-10008,10535667,90122015502,185.0,1,6 months,1,Exercise (Phase 1a),1,Phase 1A,4,4 hour (Phase 1a),55,Rat Gastrocnemius Powder,1,Female,910,Joslin,1,Fischer 344
1,MoTrPAC,1,Phase 1A,1,RNAseq,90122015503,6.0,8019467989,4,90122,ANI850-10008,10535667,90122015503,185.0,1,6 months,1,Exercise (Phase 1a),1,Phase 1A,4,4 hour (Phase 1a),55,Rat Gastrocnemius Powder,1,Female,910,Joslin,1,Fischer 344
1,MoTrPAC,1,Phase 1A,2,RRBS,90122016802,6.0,8019467360,4,90122,ANI850-10008,10535667,90122016802,185.0,1,6 months,1,Exercise (Phase 1a),1,Phase 1A,4,4 hour (Phase 1a),68,Rat Liver Powder,1,Female,910,Joslin,1,Fischer 344
1,MoTrPAC,1,Phase 1A,2,RRBS,90122017002,6.0,8019467498,4,90122,ANI850-10008,10535667,90122017002,185.0,1,6 months,1,Exercise (Phase 1a),1,Phase 1A,4,4 hour (Phase 1a),70,Rat White Adipose Powder,1,Female,910,Joslin,1,Fischer 344
1,MoTrPAC,1,Phase 1A,1,RNAseq,90123013001,6.0,8019487121,4,90123,ANI850-10008,10436847,90123013001,341.0,1,6 months,3,Control,1,Phase 1A,5,7 hour (Phase 1a),30,Rat PaxGene RNA,2,Male,910,Joslin,1,Fischer 344
1,MoTrPAC,1,Phase 1A,1,RNAseq,90123015502,6.0,8019468091,4,90123,ANI850-10008,10436847,90123015502,341.0,1,6 months,3,Control,1,Phase 1A,5,7 hour (Phase 1a),55,Rat Gastrocnemius Powder,2,Male,910,Joslin,1,Fischer 344
1,MoTrPAC,1,Phase 1A,1,RNAseq,90123015503,6.0,8019467677,4,90123,ANI850-10008,10436847,90123015503,341.0,1,6 months,3,Control,1,Phase 1A,5,7 hour (Phase 1a),55,Rat Gastrocnemius Powder,2,Male,910,Joslin,1,Fischer 344
1,MoTrPAC,1,Phase 1A,2,RRBS,90123016802,6.0,8019467435,4,90123,ANI850-10008,10436847,90123016802,341.0,1,6 months,3,Control,1,Phase 1A,5,7 hour (Phase 1a),68,Rat Liver Powder,2,Male,910,Joslin,1,Fischer 344
1,MoTrPAC,1,Phase 1A,2,RRBS,90123017002,6.0,8019467887,4,90123,ANI850-10008,10436847,90123017002,341.0,1,6 months,3,Control,1,Phase 1A,5,7 hour (Phase 1a),70,Rat White Adipose Powder,2,Male,910,Joslin,1,Fischer 344
1,MoTrPAC,1,Phase 1A,1,RNAseq,90124013001,6.0,8019487210,4,90124,ANI850-10008,10284214,90124013001,187.0,1,6 months,3,Control,1,Phase 1A,5,7 hour (Phase 1a),30,Rat PaxGene RNA,1,Female,910,Joslin,1,Fischer 344
1,MoTrPAC,1,Phase 1A,1,RNAseq,90124015502,6.0,8019468035,4,90124,ANI850-10008,10284214,90124015502,187.0,1,6 months,3,Control,1,Phase 1A,5,7 hour (Phase 1a),55,Rat Gastrocnemius Powder,1,Female,910,Joslin,1,Fischer 344
1,MoTrPAC,1,Phase 1A,1,RNAseq,90124015503,6.0,8019468243,4,90124,ANI850-10008,10284214,90124015503,187.0,1,6 months,3,Control,1,Phase 1A,5,7 hour (Phase 1a),55,Rat Gastrocnemius Powder,1,Female,910,Joslin,1,Fischer 344
1,MoTrPAC,1,Phase 1A,2,RRBS,90124016802,6.0,8019467433,4,90124,ANI850-10008,10284214,90124016802,187.0,1,6 months,3,Control,1,Phase 1A,5,7 hour (Phase 1a),68,Rat Liver Powder,1,Female,910,Joslin,1,Fischer 344
1,MoTrPAC,1,Phase 1A,2,RRBS,90124017002,6.0,8019468053,4,90124,ANI850-10008,10284214,90124017002,187.0,1,6 months,3,Control,1,Phase 1A,5,7 hour (Phase 1a),70,Rat White Adipose Powder,1,Female,910,Joslin,1,Fischer 344
1,MoTrPAC,1,Phase 1A,1,RNAseq,90126013001,6.0,8019486992,4,90126,ANI850-10008,10314652,90126013001,191.0,1,6 months,1,Exercise (Phase 1a),1,Phase 1A,5,7 hour (Phase 1a),30,Rat PaxGene RNA,1,Female,910,Joslin,1,Fischer 344
1,MoTrPAC,1,Phase 1A,1,RNAseq,90126015502,6.0,8019467414,4,90126,ANI850-10008,10314652,90126015502,191.0,1,6 months,1,Exercise (Phase 1a),1,Phase 1A,5,7 hour (Phase 1a),55,Rat Gastrocnemius Powder,1,Female,910,Joslin,1,Fischer 344
1,MoTrPAC,1,Phase 1A,1,RNAseq,90126015503,6.0,8019468203,4,90126,ANI850-10008,10314652,90126015503,191.0,1,6 months,1,Exercise (Phase 1a),1,Phase 1A,5,7 hour (Phase 1a),55,Rat Gastrocnemius Powder,1,Female,910,Joslin,1,Fischer 344
1,MoTrPAC,1,Phase 1A,2,RRBS,90126016802,6.0,8019467461,4,90126,ANI850-10008,10314652,90126016802,191.0,1,6 months,1,Exercise (Phase 1a),1,Phase 1A,5,7 hour (Phase 1a),68,Rat Liver Powder,1,Female,910,Joslin,1,Fischer 344
1,MoTrPAC,1,Phase 1A,2,RRBS,90126017002,6.0,8019467928,4,90126,ANI850-10008,10314652,90126017002,191.0,1,6 months,1,Exercise (Phase 1a),1,Phase 1A,5,7 hour (Phase 1a),70,Rat White Adipose Powder,1,Female,910,Joslin,1,Fischer 344
1,MoTrPAC,1,Phase 1A,1,RNAseq,90127013001,6.0,8019486946,5,90127,ANI850-10008,10192794,90127013001,377.0,1,6 months,3,Control,1,Phase 1A,1,Immediate Post Exercise (Phase 1a),30,Rat PaxGene RNA,2,Male,910,Joslin,1,Fischer 344
1,MoTrPAC,1,Phase 1A,1,RNAseq,90127015502,6.0,8019467954,5,90127,ANI850-10008,10192794,90127015502,377.0,1,6 months,3,Control,1,Phase 1A,1,Immediate Post Exercise (Phase 1a),55,Rat Gastrocnemius Powder,2,Male,910,Joslin,1,Fischer 344
1,MoTrPAC,1,Phase 1A,1,RNAseq,90127015503,6.0,8019468039,5,90127,ANI850-10008,10192794,90127015503,377.0,1,6 months,3,Control,1,Phase 1A,1,Immediate Post Exercise (Phase 1a),55,Rat Gastrocnemius Powder,2,Male,910,Joslin,1,Fischer 344
1,MoTrPAC,1,Phase 1A,2,RRBS,90127016802,6.0,8019467598,5,90127,ANI850-10008,10192794,90127016802,377.0,1,6 months,3,Control,1,Phase 1A,1,Immediate Post Exercise (Phase 1a),68,Rat Liver Powder,2,Male,910,Joslin,1,Fischer 344
1,MoTrPAC,1,Phase 1A,2,RRBS,90127017002,6.0,8019467372,5,90127,ANI850-10008,10192794,90127017002,377.0,1,6 months,3,Control,1,Phase 1A,1,Immediate Post Exercise (Phase 1a),70,Rat White Adipose Powder,2,Male,910,Joslin,1,Fischer 344
1,MoTrPAC,1,Phase 1A,1,RNAseq,90128013001,6.0,8019487355,5,90128,ANI850-10008,10501843,90128013001,192.0,1,6 months,3,Control,1,Phase 1A,1,Immediate Post Exercise (Phase 1a),30,Rat PaxGene RNA,1,Female,910,Joslin,1,Fischer 344
1,MoTrPAC,1,Phase 1A,1,RNAseq,90128015502,6.0,8019468233,5,90128,ANI850-10008,10501843,90128015502,192.0,1,6 months,3,Control,1,Phase 1A,1,Immediate Post Exercise (Phase 1a),55,Rat Gastrocnemius Powder,1,Female,910,Joslin,1,Fischer 344
1,MoTrPAC,1,Phase 1A,1,RNAseq,90128015503,6.0,8019467704,5,90128,ANI850-10008,10501843,90128015503,192.0,1,6 months,3,Control,1,Phase 1A,1,Immediate Post Exercise (Phase 1a),55,Rat Gastrocnemius Powder,1,Female,910,Joslin,1,Fischer 344
1,MoTrPAC,1,Phase 1A,2,RRBS,90128016802,6.0,8019467573,5,90128,ANI850-10008,10501843,90128016802,192.0,1,6 months,3,Control,1,Phase 1A,1,Immediate Post Exercise (Phase 1a),68,Rat Liver Powder,1,Female,910,Joslin,1,Fischer 344
1,MoTrPAC,1,Phase 1A,2,RRBS,90128017002,6.0,8019467617,5,90128,ANI850-10008,10501843,90128017002,192.0,1,6 months,3,Control,1,Phase 1A,1,Immediate Post Exercise (Phase 1a),70,Rat White Adipose Powder,1,Female,910,Joslin,1,Fischer 344
1,MoTrPAC,1,Phase 1A,1,RNAseq,90129013001,6.0,8019486983,5,90129,ANI850-10008,10072977,90129013001,348.0,1,6 months,1,Exercise (Phase 1a),1,Phase 1A,6,24 hour (Phase 1a),30,Rat PaxGene RNA,2,Male,910,Joslin,1,Fischer 344
1,MoTrPAC,1,Phase 1A,1,RNAseq,90129015502,6.0,8019467534,5,90129,ANI850-10008,10072977,90129015502,348.0,1,6 months,1,Exercise (Phase 1a),1,Phase 1A,6,24 hour (Phase 1a),55,Rat Gastrocnemius Powder,2,Male,910,Joslin,1,Fischer 344
1,MoTrPAC,1,Phase 1A,1,RNAseq,90129015503,6.0,8019467445,5,90129,ANI850-10008,10072977,90129015503,348.0,1,6 months,1,Exercise (Phase 1a),1,Phase 1A,6,24 hour (Phase 1a),55,Rat Gastrocnemius Powder,2,Male,910,Joslin,1,Fischer 344
1,MoTrPAC,1,Phase 1A,2,RRBS,90129016802,6.0,8019467503,5,90129,ANI850-10008,10072977,90129016802,348.0,1,6 months,1,Exercise (Phase 1a),1,Phase 1A,6,24 hour (Phase 1a),68,Rat Liver Powder,2,Male,910,Joslin,1,Fischer 344
1,MoTrPAC,1,Phase 1A,2,RRBS,90129017002,6.0,8019467463,5,90129,ANI850-10008,10072977,90129017002,348.0,1,6 months,1,Exercise (Phase 1a),1,Phase 1A,6,24 hour (Phase 1a),70,Rat White Adipose Powder,2,Male,910,Joslin,1,Fischer 344
1,MoTrPAC,1,Phase 1A,1,RNAseq,90133013001,6.0,8019487139,5,90133,ANI850-10008,10123636,90133013001,363.0,1,6 months,1,Exercise (Phase 1a),1,Phase 1A,2,0.5 hour (Phase 1a),30,Rat PaxGene RNA,2,Male,910,Joslin,1,Fischer 344
1,MoTrPAC,1,Phase 1A,1,RNAseq,90133015502,6.0,8019467456,5,90133,ANI850-10008,10123636,90133015502,363.0,1,6 months,1,Exercise (Phase 1a),1,Phase 1A,2,0.5 hour (Phase 1a),55,Rat Gastrocnemius Powder,2,Male,910,Joslin,1,Fischer 344
1,MoTrPAC,1,Phase 1A,1,RNAseq,90133015503,6.0,8019467660,5,90133,ANI850-10008,10123636,90133015503,363.0,1,6 months,1,Exercise (Phase 1a),1,Phase 1A,2,0.5 hour (Phase 1a),55,Rat Gastrocnemius Powder,2,Male,910,Joslin,1,Fischer 344
1,MoTrPAC,1,Phase 1A,2,RRBS,90133016802,6.0,8019467549,5,90133,ANI850-10008,10123636,90133016802,363.0,1,6 months,1,Exercise (Phase 1a),1,Phase 1A,2,0.5 hour (Phase 1a),68,Rat Liver Powder,2,Male,910,Joslin,1,Fischer 344
1,MoTrPAC,1,Phase 1A,2,RRBS,90133017002,6.0,8019467784,5,90133,ANI850-10008,10123636,90133017002,363.0,1,6 months,1,Exercise (Phase 1a),1,Phase 1A,2,0.5 hour (Phase 1a),70,Rat White Adipose Powder,2,Male,910,Joslin,1,Fischer 344
1,MoTrPAC,1,Phase 1A,1,RNAseq,90134013001,6.0,8019487708,5,90134,ANI850-10008,10458816,90134013001,195.0,1,6 months,1,Exercise (Phase 1a),1,Phase 1A,2,0.5 hour (Phase 1a),30,Rat PaxGene RNA,1,Female,910,Joslin,1,Fischer 344
1,MoTrPAC,1,Phase 1A,1,RNAseq,90134015502,6.0,8019467914,5,90134,ANI850-10008,10458816,90134015502,195.0,1,6 months,1,Exercise (Phase 1a),1,Phase 1A,2,0.5 hour (Phase 1a),55,Rat Gastrocnemius Powder,1,Female,910,Joslin,1,Fischer 344
1,MoTrPAC,1,Phase 1A,1,RNAseq,90134015503,6.0,8019467469,5,90134,ANI850-10008,10458816,90134015503,195.0,1,6 months,1,Exercise (Phase 1a),1,Phase 1A,2,0.5 hour (Phase 1a),55,Rat Gastrocnemius Powder,1,Female,910,Joslin,1,Fischer 344
1,MoTrPAC,1,Phase 1A,2,RRBS,90134016802,6.0,8019467961,5,90134,ANI850-10008,10458816,90134016802,195.0,1,6 months,1,Exercise (Phase 1a),1,Phase 1A,2,0.5 hour (Phase 1a),68,Rat Liver Powder,1,Female,910,Joslin,1,Fischer 344
1,MoTrPAC,1,Phase 1A,2,RRBS,90134017002,6.0,8019468033,5,90134,ANI850-10008,10458816,90134017002,195.0,1,6 months,1,Exercise (Phase 1a),1,Phase 1A,2,0.5 hour (Phase 1a),70,Rat White Adipose Powder,1,Female,910,Joslin,1,Fischer 344
1,MoTrPAC,1,Phase 1A,1,RNAseq,90135013001,6.0,8019486795,5,90135,ANI850-10008,10502653,90135013001,194.0,1,6 months,1,Exercise (Phase 1a),1,Phase 1A,1,Immediate Post Exercise (Phase 1a),30,Rat PaxGene RNA,1,Female,910,Joslin,1,Fischer 344
1,MoTrPAC,1,Phase 1A,1,RNAseq,90135015502,6.0,8019468201,5,90135,ANI850-10008,10502653,90135015502,194.0,1,6 months,1,Exercise (Phase 1a),1,Phase 1A,1,Immediate Post Exercise (Phase 1a),55,Rat Gastrocnemius Powder,1,Female,910,Joslin,1,Fischer 344
1,MoTrPAC,1,Phase 1A,1,RNAseq,90135015503,6.0,8019467706,5,90135,ANI850-10008,10502653,90135015503,194.0,1,6 months,1,Exercise (Phase 1a),1,Phase 1A,1,Immediate Post Exercise (Phase 1a),55,Rat Gastrocnemius Powder,1,Female,910,Joslin,1,Fischer 344
1,MoTrPAC,1,Phase 1A,2,RRBS,90135016802,6.0,8019467487,5,90135,ANI850-10008,10502653,90135016802,194.0,1,6 months,1,Exercise (Phase 1a),1,Phase 1A,1,Immediate Post Exercise (Phase 1a),68,Rat Liver Powder,1,Female,910,Joslin,1,Fischer 344
1,MoTrPAC,1,Phase 1A,2,RRBS,90135017002,6.0,8019468088,5,90135,ANI850-10008,10502653,90135017002,194.0,1,6 months,1,Exercise (Phase 1a),1,Phase 1A,1,Immediate Post Exercise (Phase 1a),70,Rat White Adipose Powder,1,Female,910,Joslin,1,Fischer 344
1,MoTrPAC,1,Phase 1A,1,RNAseq,90136013001,6.0,8019487380,5,90136,ANI850-10008,10158189,90136013001,385.0,1,6 months,1,Exercise (Phase 1a),1,Phase 1A,1,Immediate Post Exercise (Phase 1a),30,Rat PaxGene RNA,2,Male,910,Joslin,1,Fischer 344
1,MoTrPAC,1,Phase 1A,1,RNAseq,90136015502,6.0,8019467334,5,90136,ANI850-10008,10158189,90136015502,385.0,1,6 months,1,Exercise (Phase 1a),1,Phase 1A,1,Immediate Post Exercise (Phase 1a),55,Rat Gastrocnemius Powder,2,Male,910,Joslin,1,Fischer 344
1,MoTrPAC,1,Phase 1A,1,RNAseq,90136015503,6.0,8019468111,5,90136,ANI850-10008,10158189,90136015503,385.0,1,6 months,1,Exercise (Phase 1a),1,Phase 1A,1,Immediate Post Exercise (Phase 1a),55,Rat Gastrocnemius Powder,2,Male,910,Joslin,1,Fischer 344
1,MoTrPAC,1,Phase 1A,2,RRBS,90136016802,6.0,8019467377,5,90136,ANI850-10008,10158189,90136016802,385.0,1,6 months,1,Exercise (Phase 1a),1,Phase 1A,1,Immediate Post Exercise (Phase 1a),68,Rat Liver Powder,2,Male,910,Joslin,1,Fischer 344
1,MoTrPAC,1,Phase 1A,2,RRBS,90136017002,6.0,8019467964,5,90136,ANI850-10008,10158189,90136017002,385.0,1,6 months,1,Exercise (Phase 1a),1,Phase 1A,1,Immediate Post Exercise (Phase 1a),70,Rat White Adipose Powder,2,Male,910,Joslin,1,Fischer 344
1,MoTrPAC,1,Phase 1A,1,RNAseq,90138013001,6.0,8019487129,5,90138,ANI850-10008,10320032,90138013001,174.0,1,6 months,1,Exercise (Phase 1a),1,Phase 1A,3,1 hour (Phase 1a),30,Rat PaxGene RNA,1,Female,910,Joslin,1,Fischer 344
1,MoTrPAC,1,Phase 1A,1,RNAseq,90138015502,6.0,8019468022,5,90138,ANI850-10008,10320032,90138015502,174.0,1,6 months,1,Exercise (Phase 1a),1,Phase 1A,3,1 hour (Phase 1a),55,Rat Gastrocnemius Powder,1,Female,910,Joslin,1,Fischer 344
1,MoTrPAC,1,Phase 1A,1,RNAseq,90138015503,6.0,8019467591,5,90138,ANI850-10008,10320032,90138015503,174.0,1,6 months,1,Exercise (Phase 1a),1,Phase 1A,3,1 hour (Phase 1a),55,Rat Gastrocnemius Powder,1,Female,910,Joslin,1,Fischer 344
1,MoTrPAC,1,Phase 1A,2,RRBS,90138016802,6.0,8019467302,5,90138,ANI850-10008,10320032,90138016802,174.0,1,6 months,1,Exercise (Phase 1a),1,Phase 1A,3,1 hour (Phase 1a),68,Rat Liver Powder,1,Female,910,Joslin,1,Fischer 344
1,MoTrPAC,1,Phase 1A,2,RRBS,90138017002,6.0,8019467611,5,90138,ANI850-10008,10320032,90138017002,174.0,1,6 months,1,Exercise (Phase 1a),1,Phase 1A,3,1 hour (Phase 1a),70,Rat White Adipose Powder,1,Female,910,Joslin,1,Fischer 344
1,MoTrPAC,1,Phase 1A,1,RNAseq,90139013001,6.0,8019487221,5,90139,ANI850-10008,10366458,90139013001,336.0,1,6 months,1,Exercise (Phase 1a),1,Phase 1A,4,4 hour (Phase 1a),30,Rat PaxGene RNA,2,Male,910,Joslin,1,Fischer 344
1,MoTrPAC,1,Phase 1A,1,RNAseq,90139015502,6.0,8019468093,5,90139,ANI850-10008,10366458,90139015502,336.0,1,6 months,1,Exercise (Phase 1a),1,Phase 1A,4,4 hour (Phase 1a),55,Rat Gastrocnemius Powder,2,Male,910,Joslin,1,Fischer 344
1,MoTrPAC,1,Phase 1A,1,RNAseq,90139015503,6.0,8019467665,5,90139,ANI850-10008,10366458,90139015503,336.0,1,6 months,1,Exercise (Phase 1a),1,Phase 1A,4,4 hour (Phase 1a),55,Rat Gastrocnemius Powder,2,Male,910,Joslin,1,Fischer 344
1,MoTrPAC,1,Phase 1A,2,RRBS,90139016802,6.0,8019467872,5,90139,ANI850-10008,10366458,90139016802,336.0,1,6 months,1,Exercise (Phase 1a),1,Phase 1A,4,4 hour (Phase 1a),68,Rat Liver Powder,2,Male,910,Joslin,1,Fischer 344
1,MoTrPAC,1,Phase 1A,2,RRBS,90139017002,6.0,8019467439,5,90139,ANI850-10008,10366458,90139017002,336.0,1,6 months,1,Exercise (Phase 1a),1,Phase 1A,4,4 hour (Phase 1a),70,Rat White Adipose Powder,2,Male,910,Joslin,1,Fischer 344
1,MoTrPAC,1,Phase 1A,1,RNAseq,90140013001,6.0,8019486798,5,90140,ANI850-10008,10267395,90140013001,184.0,1,6 months,1,Exercise (Phase 1a),1,Phase 1A,4,4 hour (Phase 1a),30,Rat PaxGene RNA,1,Female,910,Joslin,1,Fischer 344
1,MoTrPAC,1,Phase 1A,1,RNAseq,90140015502,6.0,8019467426,5,90140,ANI850-10008,10267395,90140015502,184.0,1,6 months,1,Exercise (Phase 1a),1,Phase 1A,4,4 hour (Phase 1a),55,Rat Gastrocnemius Powder,1,Female,910,Joslin,1,Fischer 344
1,MoTrPAC,1,Phase 1A,1,RNAseq,90140015503,6.0,8019467985,5,90140,ANI850-10008,10267395,90140015503,184.0,1,6 months,1,Exercise (Phase 1a),1,Phase 1A,4,4 hour (Phase 1a),55,Rat Gastrocnemius Powder,1,Female,910,Joslin,1,Fischer 344
1,MoTrPAC,1,Phase 1A,2,RRBS,90140016802,6.0,8019467622,5,90140,ANI850-10008,10267395,90140016802,184.0,1,6 months,1,Exercise (Phase 1a),1,Phase 1A,4,4 hour (Phase 1a),68,Rat Liver Powder,1,Female,910,Joslin,1,Fischer 344
1,MoTrPAC,1,Phase 1A,2,RRBS,90140017002,6.0,8019467298,5,90140,ANI850-10008,10267395,90140017002,184.0,1,6 months,1,Exercise (Phase 1a),1,Phase 1A,4,4 hour (Phase 1a),70,Rat White Adipose Powder,1,Female,910,Joslin,1,Fischer 344
1,MoTrPAC,1,Phase 1A,1,RNAseq,90141013001,6.0,8019487524,5,90141,ANI850-10008,10346422,90141013001,361.0,1,6 months,3,Control,1,Phase 1A,5,7 hour (Phase 1a),30,Rat PaxGene RNA,2,Male,910,Joslin,1,Fischer 344
1,MoTrPAC,1,Phase 1A,1,RNAseq,90141015502,6.0,8019467739,5,90141,ANI850-10008,10346422,90141015502,361.0,1,6 months,3,Control,1,Phase 1A,5,7 hour (Phase 1a),55,Rat Gastrocnemius Powder,2,Male,910,Joslin,1,Fischer 344
1,MoTrPAC,1,Phase 1A,1,RNAseq,90141015503,6.0,8019468157,5,90141,ANI850-10008,10346422,90141015503,361.0,1,6 months,3,Control,1,Phase 1A,5,7 hour (Phase 1a),55,Rat Gastrocnemius Powder,2,Male,910,Joslin,1,Fischer 344
1,MoTrPAC,1,Phase 1A,2,RRBS,90141016802,6.0,8019467613,5,90141,ANI850-10008,10346422,90141016802,361.0,1,6 months,3,Control,1,Phase 1A,5,7 hour (Phase 1a),68,Rat Liver Powder,2,Male,910,Joslin,1,Fischer 344
1,MoTrPAC,1,Phase 1A,2,RRBS,90141017002,6.0,8019467472,5,90141,ANI850-10008,10346422,90141017002,361.0,1,6 months,3,Control,1,Phase 1A,5,7 hour (Phase 1a),70,Rat White Adipose Powder,2,Male,910,Joslin,1,Fischer 344
1,MoTrPAC,1,Phase 1A,1,RNAseq,90142013001,6.0,8019487176,5,90142,ANI850-10008,10512969,90142013001,183.0,1,6 months,3,Control,1,Phase 1A,5,7 hour (Phase 1a),30,Rat PaxGene RNA,1,Female,910,Joslin,1,Fischer 344
1,MoTrPAC,1,Phase 1A,1,RNAseq,90142015502,6.0,8019467417,5,90142,ANI850-10008,10512969,90142015502,183.0,1,6 months,3,Control,1,Phase 1A,5,7 hour (Phase 1a),55,Rat Gastrocnemius Powder,1,Female,910,Joslin,1,Fischer 344
1,MoTrPAC,1,Phase 1A,1,RNAseq,90142015503,6.0,8019467637,5,90142,ANI850-10008,10512969,90142015503,183.0,1,6 months,3,Control,1,Phase 1A,5,7 hour (Phase 1a),55,Rat Gastrocnemius Powder,1,Female,910,Joslin,1,Fischer 344
1,MoTrPAC,1,Phase 1A,2,RRBS,90142016802,6.0,8019467466,5,90142,ANI850-10008,10512969,90142016802,183.0,1,6 months,3,Control,1,Phase 1A,5,7 hour (Phase 1a),68,Rat Liver Powder,1,Female,910,Joslin,1,Fischer 344
1,MoTrPAC,1,Phase 1A,2,RRBS,90142017002,6.0,8019467301,5,90142,ANI850-10008,10512969,90142017002,183.0,1,6 months,3,Control,1,Phase 1A,5,7 hour (Phase 1a),70,Rat White Adipose Powder,1,Female,910,Joslin,1,Fischer 344
1,MoTrPAC,1,Phase 1A,1,RNAseq,90143013001,6.0,8019487628,5,90143,ANI850-10008,10367934,90143013001,359.0,1,6 months,1,Exercise (Phase 1a),1,Phase 1A,5,7 hour (Phase 1a),30,Rat PaxGene RNA,2,Male,910,Joslin,1,Fischer 344
1,MoTrPAC,1,Phase 1A,1,RNAseq,90143015502,6.0,8019467898,5,90143,ANI850-10008,10367934,90143015502,359.0,1,6 months,1,Exercise (Phase 1a),1,Phase 1A,5,7 hour (Phase 1a),55,Rat Gastrocnemius Powder,2,Male,910,Joslin,1,Fischer 344
1,MoTrPAC,1,Phase 1A,1,RNAseq,90143015503,6.0,8019467984,5,90143,ANI850-10008,10367934,90143015503,359.0,1,6 months,1,Exercise (Phase 1a),1,Phase 1A,5,7 hour (Phase 1a),55,Rat Gastrocnemius Powder,2,Male,910,Joslin,1,Fischer 344
1,MoTrPAC,1,Phase 1A,2,RRBS,90143016802,6.0,8019467489,5,90143,ANI850-10008,10367934,90143016802,359.0,1,6 months,1,Exercise (Phase 1a),1,Phase 1A,5,7 hour (Phase 1a),68,Rat Liver Powder,2,Male,910,Joslin,1,Fischer 344
1,MoTrPAC,1,Phase 1A,2,RRBS,90143017002,6.0,8019467400,5,90143,ANI850-10008,10367934,90143017002,359.0,1,6 months,1,Exercise (Phase 1a),1,Phase 1A,5,7 hour (Phase 1a),70,Rat White Adipose Powder,2,Male,910,Joslin,1,Fischer 344
1,MoTrPAC,1,Phase 1A,1,RNAseq,90144013001,6.0,8019487475,5,90144,ANI850-10008,10327398,90144013001,193.0,1,6 months,1,Exercise (Phase 1a),1,Phase 1A,5,7 hour (Phase 1a),30,Rat PaxGene RNA,1,Female,910,Joslin,1,Fischer 344
1,MoTrPAC,1,Phase 1A,1,RNAseq,90144015502,6.0,8019467405,5,90144,ANI850-10008,10327398,90144015502,193.0,1,6 months,1,Exercise (Phase 1a),1,Phase 1A,5,7 hour (Phase 1a),55,Rat Gastrocnemius Powder,1,Female,910,Joslin,1,Fischer 344
1,MoTrPAC,1,Phase 1A,1,RNAseq,90144015503,6.0,8019467673,5,90144,ANI850-10008,10327398,90144015503,193.0,1,6 months,1,Exercise (Phase 1a),1,Phase 1A,5,7 hour (Phase 1a),55,Rat Gastrocnemius Powder,1,Female,910,Joslin,1,Fischer 344
1,MoTrPAC,1,Phase 1A,2,RRBS,90144016802,6.0,8019468238,5,90144,ANI850-10008,10327398,90144016802,193.0,1,6 months,1,Exercise (Phase 1a),1,Phase 1A,5,7 hour (Phase 1a),68,Rat Liver Powder,1,Female,910,Joslin,1,Fischer 344
1,MoTrPAC,1,Phase 1A,2,RRBS,90144017002,6.0,8019468226,5,90144,ANI850-10008,10327398,90144017002,193.0,1,6 months,1,Exercise (Phase 1a),1,Phase 1A,5,7 hour (Phase 1a),70,Rat White Adipose Powder,1,Female,910,Joslin,1,Fischer 344
1,MoTrPAC,1,Phase 1A,1,RNAseq,90145013001,6.0,8019486922,6,90145,ANI850-10008,10378111,90145013001,380.0,1,6 months,3,Control,1,Phase 1A,1,Immediate Post Exercise (Phase 1a),30,Rat PaxGene RNA,2,Male,910,Joslin,1,Fischer 344
1,MoTrPAC,1,Phase 1A,1,RNAseq,90145015502,6.0,8019467986,6,90145,ANI850-10008,10378111,90145015502,380.0,1,6 months,3,Control,1,Phase 1A,1,Immediate Post Exercise (Phase 1a),55,Rat Gastrocnemius Powder,2,Male,910,Joslin,1,Fischer 344
1,MoTrPAC,1,Phase 1A,1,RNAseq,90145015503,6.0,8019467504,6,90145,ANI850-10008,10378111,90145015503,380.0,1,6 months,3,Control,1,Phase 1A,1,Immediate Post Exercise (Phase 1a),55,Rat Gastrocnemius Powder,2,Male,910,Joslin,1,Fischer 344
1,MoTrPAC,1,Phase 1A,2,RRBS,90145016802,6.0,8019467947,6,90145,ANI850-10008,10378111,90145016802,380.0,1,6 months,3,Control,1,Phase 1A,1,Immediate Post Exercise (Phase 1a),68,Rat Liver Powder,2,Male,910,Joslin,1,Fischer 344
1,MoTrPAC,1,Phase 1A,2,RRBS,90145017002,6.0,8019468187,6,90145,ANI850-10008,10378111,90145017002,380.0,1,6 months,3,Control,1,Phase 1A,1,Immediate Post Exercise (Phase 1a),70,Rat White Adipose Powder,2,Male,910,Joslin,1,Fischer 344
1,MoTrPAC,1,Phase 1A,1,RNAseq,90146013001,6.0,8019487131,6,90146,ANI850-10008,10225986,90146013001,172.0,1,6 months,3,Control,1,Phase 1A,1,Immediate Post Exercise (Phase 1a),30,Rat PaxGene RNA,1,Female,910,Joslin,1,Fischer 344
1,MoTrPAC,1,Phase 1A,1,RNAseq,90146015502,6.0,8019468163,6,90146,ANI850-10008,10225986,90146015502,172.0,1,6 months,3,Control,1,Phase 1A,1,Immediate Post Exercise (Phase 1a),55,Rat Gastrocnemius Powder,1,Female,910,Joslin,1,Fischer 344
1,MoTrPAC,1,Phase 1A,1,RNAseq,90146015503,6.0,8019468212,6,90146,ANI850-10008,10225986,90146015503,172.0,1,6 months,3,Control,1,Phase 1A,1,Immediate Post Exercise (Phase 1a),55,Rat Gastrocnemius Powder,1,Female,910,Joslin,1,Fischer 344
1,MoTrPAC,1,Phase 1A,2,RRBS,90146016802,6.0,8019467817,6,90146,ANI850-10008,10225986,90146016802,172.0,1,6 months,3,Control,1,Phase 1A,1,Immediate Post Exercise (Phase 1a),68,Rat Liver Powder,1,Female,910,Joslin,1,Fischer 344
1,MoTrPAC,1,Phase 1A,2,RRBS,90146017002,6.0,8019467977,6,90146,ANI850-10008,10225986,90146017002,172.0,1,6 months,3,Control,1,Phase 1A,1,Immediate Post Exercise (Phase 1a),70,Rat White Adipose Powder,1,Female,910,Joslin,1,Fischer 344
1,MoTrPAC,1,Phase 1A,1,RNAseq,90147013001,6.0,8019486802,6,90147,ANI850-10008,10090010,90147013001,369.0,1,6 months,1,Exercise (Phase 1a),1,Phase 1A,6,24 hour (Phase 1a),30,Rat PaxGene RNA,2,Male,910,Joslin,1,Fischer 344
1,MoTrPAC,1,Phase 1A,1,RNAseq,90147015502,6.0,8019467647,6,90147,ANI850-10008,10090010,90147015502,369.0,1,6 months,1,Exercise (Phase 1a),1,Phase 1A,6,24 hour (Phase 1a),55,Rat Gastrocnemius Powder,2,Male,910,Joslin,1,Fischer 344
1,MoTrPAC,1,Phase 1A,1,RNAseq,90147015503,6.0,8019468077,6,90147,ANI850-10008,10090010,90147015503,369.0,1,6 months,1,Exercise (Phase 1a),1,Phase 1A,6,24 hour (Phase 1a),55,Rat Gastrocnemius Powder,2,Male,910,Joslin,1,Fischer 344
1,MoTrPAC,1,Phase 1A,2,RRBS,90147016802,6.0,8019467338,6,90147,ANI850-10008,10090010,90147016802,369.0,1,6 months,1,Exercise (Phase 1a),1,Phase 1A,6,24 hour (Phase 1a),68,Rat Liver Powder,2,Male,910,Joslin,1,Fischer 344
1,MoTrPAC,1,Phase 1A,2,RRBS,90147017002,6.0,8019468064,6,90147,ANI850-10008,10090010,90147017002,369.0,1,6 months,1,Exercise (Phase 1a),1,Phase 1A,6,24 hour (Phase 1a),70,Rat White Adipose Powder,2,Male,910,Joslin,1,Fischer 344
1,MoTrPAC,1,Phase 1A,1,RNAseq,90148013001,6.0,8019486894,6,90148,ANI850-10008,10231870,90148013001,172.0,1,6 months,1,Exercise (Phase 1a),1,Phase 1A,6,24 hour (Phase 1a),30,Rat PaxGene RNA,1,Female,910,Joslin,1,Fischer 344
1,MoTrPAC,1,Phase 1A,1,RNAseq,90148015502,6.0,8019467481,6,90148,ANI850-10008,10231870,90148015502,172.0,1,6 months,1,Exercise (Phase 1a),1,Phase 1A,6,24 hour (Phase 1a),55,Rat Gastrocnemius Powder,1,Female,910,Joslin,1,Fischer 344
1,MoTrPAC,1,Phase 1A,1,RNAseq,90148015503,6.0,8019467476,6,90148,ANI850-10008,10231870,90148015503,172.0,1,6 months,1,Exercise (Phase 1a),1,Phase 1A,6,24 hour (Phase 1a),55,Rat Gastrocnemius Powder,1,Female,910,Joslin,1,Fischer 344
1,MoTrPAC,1,Phase 1A,2,RRBS,90148016802,6.0,8019467697,6,90148,ANI850-10008,10231870,90148016802,172.0,1,6 months,1,Exercise (Phase 1a),1,Phase 1A,6,24 hour (Phase 1a),68,Rat Liver Powder,1,Female,910,Joslin,1,Fischer 344
1,MoTrPAC,1,Phase 1A,2,RRBS,90148017002,6.0,8019467299,6,90148,ANI850-10008,10231870,90148017002,172.0,1,6 months,1,Exercise (Phase 1a),1,Phase 1A,6,24 hour (Phase 1a),70,Rat White Adipose Powder,1,Female,910,Joslin,1,Fischer 344
1,MoTrPAC,1,Phase 1A,1,RNAseq,90150013001,6.0,8019486944,6,90150,ANI850-10008,10315705,90150013001,203.0,1,6 months,1,Exercise (Phase 1a),1,Phase 1A,7,48 hour (Phase 1a),30,Rat PaxGene RNA,1,Female,910,Joslin,1,Fischer 344
1,MoTrPAC,1,Phase 1A,1,RNAseq,90150015502,6.0,8019468012,6,90150,ANI850-10008,10315705,90150015502,203.0,1,6 months,1,Exercise (Phase 1a),1,Phase 1A,7,48 hour (Phase 1a),55,Rat Gastrocnemius Powder,1,Female,910,Joslin,1,Fischer 344
1,MoTrPAC,1,Phase 1A,1,RNAseq,90150015503,6.0,8019467802,6,90150,ANI850-10008,10315705,90150015503,203.0,1,6 months,1,Exercise (Phase 1a),1,Phase 1A,7,48 hour (Phase 1a),55,Rat Gastrocnemius Powder,1,Female,910,Joslin,1,Fischer 344
1,MoTrPAC,1,Phase 1A,2,RRBS,90150016802,6.0,8019467669,6,90150,ANI850-10008,10315705,90150016802,203.0,1,6 months,1,Exercise (Phase 1a),1,Phase 1A,7,48 hour (Phase 1a),68,Rat Liver Powder,1,Female,910,Joslin,1,Fischer 344
1,MoTrPAC,1,Phase 1A,2,RRBS,90150017002,6.0,8019467902,6,90150,ANI850-10008,10315705,90150017002,203.0,1,6 months,1,Exercise (Phase 1a),1,Phase 1A,7,48 hour (Phase 1a),70,Rat White Adipose Powder,1,Female,910,Joslin,1,Fischer 344
1,MoTrPAC,1,Phase 1A,1,RNAseq,90152013001,6.0,8019487648,6,90152,ANI850-10008,10463658,90152013001,191.0,1,6 months,1,Exercise (Phase 1a),1,Phase 1A,2,0.5 hour (Phase 1a),30,Rat PaxGene RNA,1,Female,910,Joslin,1,Fischer 344
1,MoTrPAC,1,Phase 1A,1,RNAseq,90152015502,6.0,8019467418,6,90152,ANI850-10008,10463658,90152015502,191.0,1,6 months,1,Exercise (Phase 1a),1,Phase 1A,2,0.5 hour (Phase 1a),55,Rat Gastrocnemius Powder,1,Female,910,Joslin,1,Fischer 344
1,MoTrPAC,1,Phase 1A,1,RNAseq,90152015503,6.0,8019467876,6,90152,ANI850-10008,10463658,90152015503,191.0,1,6 months,1,Exercise (Phase 1a),1,Phase 1A,2,0.5 hour (Phase 1a),55,Rat Gastrocnemius Powder,1,Female,910,Joslin,1,Fischer 344
1,MoTrPAC,1,Phase 1A,2,RRBS,90152016802,6.0,8019467403,6,90152,ANI850-10008,10463658,90152016802,191.0,1,6 months,1,Exercise (Phase 1a),1,Phase 1A,2,0.5 hour (Phase 1a),68,Rat Liver Powder,1,Female,910,Joslin,1,Fischer 344
1,MoTrPAC,1,Phase 1A,2,RRBS,90152017002,6.0,8019467415,6,90152,ANI850-10008,10463658,90152017002,191.0,1,6 months,1,Exercise (Phase 1a),1,Phase 1A,2,0.5 hour (Phase 1a),70,Rat White Adipose Powder,1,Female,910,Joslin,1,Fischer 344
1,MoTrPAC,1,Phase 1A,1,RNAseq,90155013001,6.0,8019486788,6,90155,ANI850-10008,10207570,90155013001,350.0,1,6 months,1,Exercise (Phase 1a),1,Phase 1A,3,1 hour (Phase 1a),30,Rat PaxGene RNA,2,Male,910,Joslin,1,Fischer 344
1,MoTrPAC,1,Phase 1A,1,RNAseq,90155015502,6.0,8019467991,6,90155,ANI850-10008,10207570,90155015502,350.0,1,6 months,1,Exercise (Phase 1a),1,Phase 1A,3,1 hour (Phase 1a),55,Rat Gastrocnemius Powder,2,Male,910,Joslin,1,Fischer 344
1,MoTrPAC,1,Phase 1A,1,RNAseq,90155015503,6.0,8019467448,6,90155,ANI850-10008,10207570,90155015503,350.0,1,6 months,1,Exercise (Phase 1a),1,Phase 1A,3,1 hour (Phase 1a),55,Rat Gastrocnemius Powder,2,Male,910,Joslin,1,Fischer 344
1,MoTrPAC,1,Phase 1A,2,RRBS,90155016802,6.0,8019467355,6,90155,ANI850-10008,10207570,90155016802,350.0,1,6 months,1,Exercise (Phase 1a),1,Phase 1A,3,1 hour (Phase 1a),68,Rat Liver Powder,2,Male,910,Joslin,1,Fischer 344
1,MoTrPAC,1,Phase 1A,2,RRBS,90155017002,6.0,8019468236,6,90155,ANI850-10008,10207570,90155017002,350.0,1,6 months,1,Exercise (Phase 1a),1,Phase 1A,3,1 hour (Phase 1a),70,Rat White Adipose Powder,2,Male,910,Joslin,1,Fischer 344
1,MoTrPAC,1,Phase 1A,1,RNAseq,90156013001,6.0,8019487655,6,90156,ANI850-10008,10333797,90156013001,196.0,1,6 months,1,Exercise (Phase 1a),1,Phase 1A,3,1 hour (Phase 1a),30,Rat PaxGene RNA,1,Female,910,Joslin,1,Fischer 344
1,MoTrPAC,1,Phase 1A,1,RNAseq,90156015502,6.0,8019467518,6,90156,ANI850-10008,10333797,90156015502,196.0,1,6 months,1,Exercise (Phase 1a),1,Phase 1A,3,1 hour (Phase 1a),55,Rat Gastrocnemius Powder,1,Female,910,Joslin,1,Fischer 344
1,MoTrPAC,1,Phase 1A,1,RNAseq,90156015503,6.0,8019467707,6,90156,ANI850-10008,10333797,90156015503,196.0,1,6 months,1,Exercise (Phase 1a),1,Phase 1A,3,1 hour (Phase 1a),55,Rat Gastrocnemius Powder,1,Female,910,Joslin,1,Fischer 344
1,MoTrPAC,1,Phase 1A,2,RRBS,90156016802,6.0,8019467614,6,90156,ANI850-10008,10333797,90156016802,196.0,1,6 months,1,Exercise (Phase 1a),1,Phase 1A,3,1 hour (Phase 1a),68,Rat Liver Powder,1,Female,910,Joslin,1,Fischer 344
1,MoTrPAC,1,Phase 1A,2,RRBS,90156017002,6.0,8019468193,6,90156,ANI850-10008,10333797,90156017002,196.0,1,6 months,1,Exercise (Phase 1a),1,Phase 1A,3,1 hour (Phase 1a),70,Rat White Adipose Powder,1,Female,910,Joslin,1,Fischer 344
1,MoTrPAC,1,Phase 1A,1,RNAseq,90157013001,6.0,8019487300,6,90157,ANI850-10008,10408479,90157013001,365.0,1,6 months,1,Exercise (Phase 1a),1,Phase 1A,4,4 hour (Phase 1a),30,Rat PaxGene RNA,2,Male,910,Joslin,1,Fischer 344
1,MoTrPAC,1,Phase 1A,1,RNAseq,90157015502,6.0,8019467988,6,90157,ANI850-10008,10408479,90157015502,365.0,1,6 months,1,Exercise (Phase 1a),1,Phase 1A,4,4 hour (Phase 1a),55,Rat Gastrocnemius Powder,2,Male,910,Joslin,1,Fischer 344
1,MoTrPAC,1,Phase 1A,1,RNAseq,90157015503,6.0,8019467538,6,90157,ANI850-10008,10408479,90157015503,365.0,1,6 months,1,Exercise (Phase 1a),1,Phase 1A,4,4 hour (Phase 1a),55,Rat Gastrocnemius Powder,2,Male,910,Joslin,1,Fischer 344
1,MoTrPAC,1,Phase 1A,2,RRBS,90157016802,6.0,8019467682,6,90157,ANI850-10008,10408479,90157016802,365.0,1,6 months,1,Exercise (Phase 1a),1,Phase 1A,4,4 hour (Phase 1a),68,Rat Liver Powder,2,Male,910,Joslin,1,Fischer 344
1,MoTrPAC,1,Phase 1A,2,RRBS,90157017002,6.0,8019467345,6,90157,ANI850-10008,10408479,90157017002,365.0,1,6 months,1,Exercise (Phase 1a),1,Phase 1A,4,4 hour (Phase 1a),70,Rat White Adipose Powder,2,Male,910,Joslin,1,Fischer 344
1,MoTrPAC,1,Phase 1A,1,RNAseq,90159013001,6.0,8019487553,6,90159,ANI850-10008,10193170,90159013001,349.0,1,6 months,3,Control,1,Phase 1A,5,7 hour (Phase 1a),30,Rat PaxGene RNA,2,Male,910,Joslin,1,Fischer 344
1,MoTrPAC,1,Phase 1A,1,RNAseq,90159015502,6.0,8019467783,6,90159,ANI850-10008,10193170,90159015502,349.0,1,6 months,3,Control,1,Phase 1A,5,7 hour (Phase 1a),55,Rat Gastrocnemius Powder,2,Male,910,Joslin,1,Fischer 344
1,MoTrPAC,1,Phase 1A,1,RNAseq,90159015503,6.0,8019467889,6,90159,ANI850-10008,10193170,90159015503,349.0,1,6 months,3,Control,1,Phase 1A,5,7 hour (Phase 1a),55,Rat Gastrocnemius Powder,2,Male,910,Joslin,1,Fischer 344
1,MoTrPAC,1,Phase 1A,2,RRBS,90159016802,6.0,8019467510,6,90159,ANI850-10008,10193170,90159016802,349.0,1,6 months,3,Control,1,Phase 1A,5,7 hour (Phase 1a),68,Rat Liver Powder,2,Male,910,Joslin,1,Fischer 344
1,MoTrPAC,1,Phase 1A,2,RRBS,90159017002,6.0,8019467436,6,90159,ANI850-10008,10193170,90159017002,349.0,1,6 months,3,Control,1,Phase 1A,5,7 hour (Phase 1a),70,Rat White Adipose Powder,2,Male,910,Joslin,1,Fischer 344
1,MoTrPAC,1,Phase 1A,1,RNAseq,90160013001,6.0,8019486886,6,90160,ANI850-10008,10319530,90160013001,192.0,1,6 months,3,Control,1,Phase 1A,5,7 hour (Phase 1a),30,Rat PaxGene RNA,1,Female,910,Joslin,1,Fischer 344
1,MoTrPAC,1,Phase 1A,1,RNAseq,90160015502,6.0,8019467848,6,90160,ANI850-10008,10319530,90160015502,192.0,1,6 months,3,Control,1,Phase 1A,5,7 hour (Phase 1a),55,Rat Gastrocnemius Powder,1,Female,910,Joslin,1,Fischer 344
1,MoTrPAC,1,Phase 1A,1,RNAseq,90160015503,6.0,8019468018,6,90160,ANI850-10008,10319530,90160015503,192.0,1,6 months,3,Control,1,Phase 1A,5,7 hour (Phase 1a),55,Rat Gastrocnemius Powder,1,Female,910,Joslin,1,Fischer 344
1,MoTrPAC,1,Phase 1A,2,RRBS,90160016802,6.0,8019467447,6,90160,ANI850-10008,10319530,90160016802,192.0,1,6 months,3,Control,1,Phase 1A,5,7 hour (Phase 1a),68,Rat Liver Powder,1,Female,910,Joslin,1,Fischer 344
1,MoTrPAC,1,Phase 1A,2,RRBS,90160017002,6.0,8019467874,6,90160,ANI850-10008,10319530,90160017002,192.0,1,6 months,3,Control,1,Phase 1A,5,7 hour (Phase 1a),70,Rat White Adipose Powder,1,Female,910,Joslin,1,Fischer 344
